22,29,342,15.9,0.632,0.567,0.507,0.027,10.3,16.6,13.4,5.2,2.0,3.5,15.6,14.7,120,105,0.7,0.4,1.1,0.157
26,52,713,13.4,0.493,0.429,0.595,0.012,10.6,21.2,15.7,8.3,1.3,3.1,13.1,15.6,105,109,0.5,0.4,1.0,0.064
27,64,2307,13.0,0.527,0.478,0.246,0.265,1.4,10.3,5.8,14.6,0.9,0.4,12.1,22.5,102,112,1.5,0.5,2.0,0.042
26,3,9,15.3,0.625,0.625,0.000,0.500,0.0,12.1,6.2,19.4,0.0,0.0,0.0,20.3,130,111,0.0,0.0,0.0,0.196
24,45,388,11.1,0.563,0.550,0.250,0.000,8.7,26.7,17.7,3.4,0.7,4.6,20.6,12.7,102,105,0.1,0.4,0.6,0.070
24,30,213,7.3,0.532,0.535,0.209,0.000,6.5,23.7,15.2,4.1,0.7,3.2,23.0,12.5,92,105,-0.1,0.3,0.2,0.038
24,15,175,15.7,0.598,0.568,0.297,0.000,11.5,30.4,20.7,2.6,0.6,6.3,17.7,12.9,112,106,0.2,0.2,0.4,0.109
27,74,2790,20.4,0.530,0.485,0.264,0.011,7.2,20.9,14.0,13.0,1.2,2.5,8.9,26.5,108,107,4.8,2.3,7.2,0.124
23,79,1669,11.5,0.474,0.454,0.132,0.002,10.5,16.5,13.4,6.7,0.8,2.6,10.3,14.8,103,106,0.9,1.6,2.5,0.072
37,79,2035,14.7,0.599,0.555,0.243,0.510,2.6,10.1,6.6,10.2,1.7,0.6,12.5,19.3,112,107,3.4,1.9,5.4,0.126
31,79,2109,13.2,0.489,0.447,0.293,0.038,6.6,13.8,10.2,7.6,3.1,1.7,11.5,17.8,102,98,1.0,4.1,5.1,0.115
22,76,2066,13.7,0.519,0.479,0.289,0.040,7.9,26.2,16.9,7.8,2.4,2.1,17.8,14.6,101,105,0.7,2.4,3.1,0.073
30,39,372,9.3,0.392,0.395,0.444,0.000,14.7,18.7,16.7,4.5,2.3,2.6,16.4,14.2,89,105,-0.3,0.4,0.1,0.019
30,20,161,6.3,0.342,0.368,0.526,0.000,15.9,17.6,16.7,2.8,2.2,2.9,19.0,16.1,77,103,-0.4,0.2,-0.1,-0.038
30,1,2,0.0,0.000,0.000,0.000,0.000,56.7,0.0,28.7,0.0,0.0,0.0,0.0,23.0,59,113,0.0,0.0,0.0,-0.274
30,18,209,11.7,0.449,0.429,0.381,0.000,13.4,19.7,16.5,5.8,2.3,2.4,14.0,12.7,102,106,0.1,0.2,0.3,0.065
34,42,624,17.4,0.631,0.585,0.756,0.024,11.9,21.5,17.0,4.0,1.4,5.8,12.8,14.4,125,100,1.6,1.1,2.7,0.207
30,65,1495,12.6,0.509,0.460,0.239,0.463,2.7,9.2,5.9,11.7,1.7,0.4,10.5,23.6,101,110,0.8,0.8,1.6,0.052
23,39,401,13.9,0.539,0.496,0.222,0.476,5.2,15.0,10.2,15.8,1.9,0.9,15.3,18.0,107,105,0.4,0.4,0.9,0.106
23,10,94,13.0,0.587,0.540,0.360,0.440,3.9,12.8,8.6,13.9,1.6,1.5,19.5,17.6,105,103,0.1,0.1,0.2,0.109
23,29,307,14.2,0.526,0.485,0.188,0.485,5.6,15.7,10.7,16.4,2.0,0.7,14.1,18.1,108,106,0.4,0.3,0.7,0.105
24,81,2503,18.1,0.548,0.519,0.161,0.500,8.9,15.9,12.4,6.9,0.9,1.0,7.5,24.0,114,112,5.7,0.8,6.5,0.125
28,67,2482,24.8,0.560,0.502,0.344,0.278,6.1,15.9,10.8,14.1,1.1,1.1,9.3,35.6,112,108,7.5,2.0,9.5,0.184
30,62,566,10.4,0.542,0.515,0.412,0.000,10.4,14.4,12.5,3.1,1.2,6.1,21.5,8.6,108,103,0.4,0.8,1.2,0.100
27,56,1471,14.0,0.538,0.501,0.211,0.463,3.3,16.9,10.0,12.7,2.5,1.1,14.6,17.9,102,101,0.7,2.4,3.1,0.102
24,59,970,11.8,0.477,0.458,0.128,0.050,8.1,12.5,10.3,5.9,1.3,2.8,10.2,20.1,99,102,0.2,1.5,1.7,0.084
26,82,2464,14.9,0.558,0.541,0.487,0.002,12.8,31.0,22.0,4.6,0.9,2.7,18.8,16.3,105,103,2.0,3.5,5.5,0.108
25,76,1226,11.0,0.527,0.464,0.337,0.646,1.9,6.3,4.1,21.6,1.5,0.2,16.8,15.1,109,104,1.4,1.5,2.8,0.112
27,55,734,12.8,0.540,0.551,0.299,0.000,9.0,21.3,15.1,14.7,1.5,1.8,19.9,14.5,103,106,0.4,0.8,1.2,0.077
27,43,571,11.7,0.540,0.536,0.304,0.000,7.9,19.8,13.8,15.5,1.2,1.8,21.1,14.3,102,108,0.3,0.5,0.7,0.061
27,12,163,16.6,0.539,0.595,0.286,0.000,12.7,26.7,19.4,11.6,2.8,1.8,16.0,15.0,106,99,0.1,0.3,0.4,0.132
25,37,369,14.5,0.533,0.492,0.183,0.032,8.9,22.2,15.7,7.2,0.9,2.4,14.5,19.7,104,99,0.3,0.7,1.0,0.129
23,62,730,9.4,0.509,0.500,0.056,0.761,2.4,19.7,10.9,6.2,1.0,0.5,8.4,16.4,102,109,0.3,0.4,0.7,0.047
30,41,513,13.5,0.509,0.477,0.212,0.244,1.9,8.5,5.3,19.0,1.7,0.9,9.1,21.4,103,106,0.4,0.5,0.9,0.086
28,74,1713,14.1,0.510,0.481,0.177,0.369,2.2,11.9,6.9,30.6,1.0,0.0,15.1,25.1,101,109,0.8,1.0,1.9,0.053
27,35,1003,11.2,0.482,0.444,0.181,0.289,3.0,12.3,7.6,6.6,1.1,1.8,10.5,23.8,94,109,-0.5,0.6,0.1,0.007
20,81,2058,11.0,0.526,0.481,0.303,0.231,2.9,14.5,8.9,7.3,1.3,0.5,12.4,17.7,102,107,0.9,1.9,2.8,0.065
32,80,2058,15.5,0.566,0.544,0.173,0.481,6.5,14.5,10.6,9.2,2.1,2.6,11.0,18.1,113,103,3.5,2.8,6.3,0.146
31,12,159,8.9,0.361,0.353,0.137,0.000,15.4,28.1,21.6,5.0,1.6,3.0,16.9,18.8,81,99,-0.3,0.3,0.0,-0.003
31,11,122,6.9,0.357,0.351,0.135,0.000,14.4,24.7,19.5,3.9,2.1,3.2,20.3,18.4,76,97,-0.3,0.3,-0.1,-0.025
31,1,37,15.4,0.370,0.357,0.143,0.000,18.4,39.3,28.5,8.7,0.0,2.3,6.3,20.1,98,103,0.0,0.1,0.1,0.069
22,73,894,9.1,0.437,0.396,0.210,0.210,4.6,14.3,9.4,10.4,2.0,0.8,15.1,20.4,87,109,-1.1,0.6,-0.5,-0.028
27,81,2239,12.3,0.535,0.486,0.255,0.003,7.0,15.2,11.2,6.0,1.0,2.3,10.9,15.5,107,104,2.0,2.7,4.7,0.101
34,72,1786,10.7,0.623,0.608,0.105,0.873,2.7,8.4,5.7,5.7,1.2,2.5,8.2,11.0,122,107,2.8,1.6,4.4,0.119
24,73,2807,15.7,0.566,0.522,0.252,0.533,4.0,13.2,8.5,20.3,1.7,2.2,17.0,18.2,109,109,3.8,1.9,5.8,0.099
24,80,1765,13.5,0.514,0.476,0.196,0.324,1.4,10.5,5.9,24.9,1.8,0.8,15.1,20.8,104,103,1.5,2.5,4.0,0.108
26,16,141,8.8,0.521,0.500,0.333,0.028,10.4,15.5,13.1,5.2,0.4,3.1,21.0,17.1,94,103,0.0,0.2,0.1,0.050
23,61,267,11.3,0.454,0.414,0.379,0.293,2.1,6.8,4.5,13.1,3.2,1.2,11.7,25.7,91,104,-0.3,0.3,0.1,0.014
19,56,1745,13.6,0.515,0.477,0.231,0.344,2.7,10.8,6.7,13.7,1.5,1.3,10.6,22.2,102,105,1.0,2.0,3.0,0.082
24,75,1554,10.8,0.462,0.434,0.164,0.188,3.7,17.2,10.3,12.5,1.0,1.6,14.9,27.6,87,109,-2.5,1.0,-1.5,-0.047
24,45,549,10.6,0.470,0.429,0.216,0.409,1.9,9.6,5.8,22.6,1.8,0.6,14.6,18.7,97,109,0.0,0.4,0.4,0.032
26,73,1882,10.4,0.513,0.460,0.275,0.362,0.8,7.8,4.3,12.9,1.3,0.2,10.7,18.7,104,107,1.3,1.6,3.0,0.076
24,41,713,15.4,0.551,0.513,0.217,0.508,7.2,10.1,8.7,24.2,2.6,2.2,17.5,15.4,116,105,1.4,0.8,2.2,0.148
26,53,495,7.7,0.449,0.476,0.619,0.000,7.8,25.7,17.0,3.7,1.5,6.6,34.4,3.7,102,98,0.1,1.0,1.1,0.102
36,22,418,15.0,0.601,0.527,0.364,0.682,0.6,8.4,4.6,17.4,1.5,0.2,14.5,19.6,117,108,1.0,0.3,1.3,0.146
20,80,2186,10.1,0.472,0.451,0.410,0.000,9.9,20.9,15.2,2.5,0.7,5.3,16.7,10.2,98,109,0.1,1.3,1.4,0.031
23,61,851,14.6,0.543,0.524,0.258,0.004,9.5,21.1,15.6,8.3,2.2,0.9,14.0,19.0,104,99,0.7,1.5,2.2,0.126
32,45,1175,11.7,0.573,0.556,0.130,0.633,2.0,10.1,6.2,21.9,1.5,0.4,17.8,13.2,114,109,1.6,0.8,2.4,0.097
26,82,1555,21.9,0.547,0.514,0.320,0.033,12.2,19.6,15.8,10.5,3.0,2.7,13.8,26.5,107,101,2.4,2.5,4.9,0.153
23,76,1553,17.5,0.513,0.473,0.236,0.137,6.1,11.1,8.6,23.5,3.7,3.0,17.9,22.5,102,101,1.1,2.6,3.7,0.115
32,74,1408,6.7,0.533,0.528,0.060,0.863,1.3,8.8,5.0,8.1,1.1,0.2,14.4,11.2,105,110,0.7,0.7,1.4,0.047
28,32,786,13.8,0.463,0.454,0.207,0.005,9.8,24.1,17.2,12.5,1.3,5.5,14.8,13.4,103,100,0.4,1.4,1.7,0.106
32,68,909,11.8,0.609,0.602,0.065,0.522,3.4,12.5,8.2,5.8,1.0,1.5,6.3,12.8,119,104,1.4,1.1,2.5,0.133
25,48,887,13.9,0.509,0.491,0.327,0.023,12.2,17.8,14.9,7.4,1.9,1.4,11.0,14.5,109,102,0.9,1.4,2.3,0.126
31,79,2546,17.1,0.510,0.477,0.232,0.002,7.8,27.2,17.4,13.4,1.4,0.8,12.3,25.8,101,100,1.4,4.3,5.7,0.108
28,74,2454,20.0,0.592,0.546,0.333,0.082,7.0,17.6,12.6,8.4,1.4,3.4,11.0,22.7,114,103,5.6,3.4,9.0,0.175
22,50,1435,8.8,0.461,0.444,0.103,0.264,2.5,6.5,4.6,11.6,2.3,1.0,12.6,18.8,90,105,-1.3,1.6,0.4,0.012
33,72,1527,15.2,0.499,0.473,0.195,0.002,9.7,21.5,15.7,7.1,1.7,4.6,9.9,17.2,105,102,1.2,2.2,3.4,0.107
26,82,2003,14.7,0.506,0.476,0.245,0.348,3.1,9.9,6.6,9.5,3.0,0.9,9.4,23.4,104,105,1.7,2.2,3.9,0.093
27,60,853,10.0,0.416,0.412,0.197,0.384,5.7,13.5,9.6,8.6,2.7,0.6,7.7,12.7,99,105,0.1,1.0,1.1,0.060
27,46,711,10.2,0.432,0.429,0.223,0.406,4.6,12.1,8.2,8.4,2.6,0.7,6.8,13.6,100,106,0.1,0.7,0.8,0.057
27,14,142,9.1,0.283,0.283,0.000,0.217,11.3,20.3,16.2,9.4,3.3,0.0,14.8,8.6,92,99,0.0,0.3,0.2,0.072
28,53,997,11.8,0.555,0.532,0.165,0.424,1.5,7.9,4.6,18.0,1.5,0.8,16.5,18.1,105,114,0.8,0.0,0.8,0.041
28,46,959,12.1,0.562,0.538,0.172,0.419,1.4,8.1,4.7,17.8,1.5,0.6,16.2,18.0,106,114,0.9,0.0,0.9,0.045
28,7,38,5.6,0.385,0.385,0.000,0.538,3.0,3.0,3.0,23.1,1.3,6.0,23.5,19.6,80,107,-0.1,0.0,0.0,-0.063
24,73,912,13.5,0.523,0.485,0.281,0.164,4.1,9.4,6.7,14.6,2.0,1.3,15.5,22.5,101,107,0.5,0.8,1.3,0.068
30,22,269,8.8,0.452,0.459,0.514,0.000,9.4,22.1,15.5,4.7,1.2,2.9,15.0,9.1,100,103,0.0,0.4,0.4,0.071
27,59,1402,13.1,0.493,0.454,0.219,0.247,3.5,8.7,6.0,12.8,2.2,0.8,10.6,22.2,99,110,0.4,0.8,1.2,0.041
34,78,3013,23.0,0.570,0.504,0.392,0.255,2.5,13.1,7.9,29.7,1.8,0.6,13.3,31.9,112,107,8.4,2.6,10.9,0.174
24,23,508,12.6,0.516,0.482,0.220,0.424,3.3,13.0,8.0,8.3,1.4,1.1,9.9,20.5,102,107,0.3,0.4,0.7,0.066
21,64,1137,11.5,0.507,0.463,0.332,0.237,3.8,11.2,7.5,13.0,1.6,0.9,14.3,20.7,100,109,0.3,0.7,1.0,0.044
32,78,1879,12.4,0.535,0.513,0.125,0.458,2.6,11.4,7.1,6.5,1.4,0.5,8.7,20.2,107,107,1.9,1.6,3.6,0.091
23,82,2134,15.2,0.574,0.506,0.455,0.205,7.2,10.4,8.8,8.6,2.0,1.1,9.2,14.6,121,104,4.4,2.6,7.0,0.158
30,65,1219,16.6,0.532,0.491,0.243,0.141,2.6,6.6,4.6,34.8,2.0,0.3,17.3,27.0,103,111,1.2,0.5,1.7,0.067
31,73,2160,18.8,0.616,0.594,0.126,0.444,1.1,8.6,4.8,39.8,1.4,0.3,15.8,17.0,124,111,6.6,0.9,7.4,0.165
31,45,1273,19.2,0.594,0.569,0.131,0.462,1.3,8.7,5.0,43.7,1.2,0.4,15.1,18.1,123,111,4.0,0.5,4.4,0.167
31,28,887,18.2,0.654,0.635,0.118,0.414,0.8,8.5,4.5,34.1,1.8,0.2,17.0,15.4,126,111,2.6,0.4,3.0,0.163
38,24,250,8.6,0.342,0.321,0.358,0.000,10.9,27.1,18.7,8.1,1.5,4.8,19.6,14.3,82,101,-0.4,0.4,0.0,0.007
26,66,1111,15.5,0.535,0.491,0.302,0.216,9.1,10.8,9.9,8.7,2.8,1.7,8.5,16.4,115,106,2.0,1.1,3.1,0.134
36,81,2093,17.8,0.571,0.530,0.261,0.467,3.1,14.4,8.9,15.0,1.8,1.6,10.0,23.1,111,106,3.9,2.0,6.0,0.137
24,43,503,12.9,0.486,0.472,0.256,0.475,4.4,22.7,13.1,8.8,2.6,1.9,11.0,17.7,99,105,0.1,0.6,0.7,0.064
26,77,2068,13.3,0.576,0.545,0.212,0.569,1.2,8.6,5.1,19.4,3.0,0.5,17.1,16.1,110,104,2.6,2.5,5.2,0.120
30,66,2164,18.9,0.671,0.638,0.645,0.000,14.1,24.3,19.0,4.5,1.0,3.0,14.5,13.0,133,104,6.7,2.6,9.3,0.207
25,43,1079,16.6,0.556,0.519,0.244,0.277,4.8,17.6,11.3,8.3,2.1,0.9,10.6,22.7,110,105,1.8,1.3,3.1,0.137
29,14,100,7.0,0.320,0.310,0.095,0.143,7.0,10.7,8.9,7.3,1.1,1.5,0.0,10.1,96,109,0.0,0.1,0.1,0.029
25,59,1363,12.4,0.510,0.486,0.197,0.269,6.8,19.1,13.1,7.4,1.3,2.3,12.9,15.7,103,105,0.7,1.5,2.3,0.080
24,49,812,7.0,0.462,0.458,0.159,0.460,4.4,12.8,8.5,7.9,1.7,1.1,17.5,13.9,89,110,-0.6,0.5,-0.1,-0.005
24,80,1590,7.9,0.483,0.462,0.188,0.231,1.5,8.2,5.0,15.2,1.9,0.4,18.4,17.0,93,107,-0.8,1.4,0.6,0.019
34,38,384,3.0,0.476,0.310,1.103,0.000,6.9,11.3,9.2,2.9,1.6,2.1,29.5,7.5,91,104,-0.1,0.5,0.4,0.045
34,32,330,3.0,0.511,0.348,1.304,0.000,7.8,10.8,9.3,2.5,1.6,1.4,30.7,7.5,94,105,-0.1,0.4,0.3,0.049
34,6,54,2.9,0.291,0.167,0.333,0.000,2.0,14.5,8.2,5.2,1.9,5.9,22.5,7.5,65,99,-0.1,0.1,0.0,0.016
25,81,2372,16.3,0.575,0.504,0.380,0.188,1.5,8.7,5.1,26.8,2.2,0.3,17.0,19.6,111,109,4.0,1.7,5.6,0.114
32,81,1583,13.6,0.624,0.595,0.264,0.014,9.6,14.2,12.1,11.3,1.7,1.4,17.3,11.5,123,104,3.2,2.1,5.2,0.158
25,80,2757,18.3,0.549,0.497,0.300,0.312,1.8,7.9,4.8,29.5,3.4,0.7,15.1,21.0,111,100,5.1,4.7,9.9,0.172
30,4,20,-15.2,0.051,0.000,0.222,0.333,5.5,0.0,2.9,0.0,0.0,0.0,0.0,22.1,21,115,-0.2,0.0,-0.2,-0.433
25,49,441,5.8,0.398,0.383,0.072,0.545,1.8,14.1,7.9,6.7,0.9,1.2,8.0,19.2,85,107,-0.6,0.4,-0.2,-0.019
25,16,165,8.8,0.456,0.449,0.051,0.508,3.5,8.8,6.2,9.1,1.8,0.9,9.0,17.6,96,108,0.0,0.1,0.1,0.030
25,33,276,4.0,0.366,0.347,0.083,0.565,0.8,17.3,8.9,5.2,0.4,1.4,7.4,20.1,78,105,-0.6,0.3,-0.3,-0.048
28,56,862,16.8,0.583,0.557,0.218,0.368,4.5,11.9,8.1,5.7,1.0,1.2,10.7,25.3,110,109,1.5,0.6,2.1,0.117
22,75,2289,20.2,0.524,0.467,0.408,0.021,10.9,27.0,18.7,15.3,2.4,1.9,15.5,28.1,102,106,2.0,2.3,4.4,0.092
32,76,2230,16.8,0.558,0.511,0.244,0.390,1.2,5.6,3.4,14.4,1.9,0.5,11.5,26.0,109,108,3.7,1.7,5.4,0.116
24,70,1709,13.8,0.512,0.472,0.219,0.339,2.9,10.9,6.9,23.5,1.2,0.3,15.1,25.3,98,106,0.2,1.7,1.9,0.052
24,43,1127,14.7,0.512,0.473,0.209,0.337,3.0,10.3,6.6,25.5,1.2,0.4,14.9,26.4,99,106,0.2,1.1,1.4,0.058
24,27,582,12.0,0.512,0.470,0.244,0.346,2.7,12.0,7.5,19.4,1.1,0.3,15.5,23.1,97,107,0.0,0.5,0.5,0.041
22,78,1353,10.2,0.491,0.470,0.199,0.523,2.9,12.3,7.7,10.0,2.4,1.0,10.9,15.1,99,106,0.2,1.3,1.5,0.055
25,80,2010,13.3,0.485,0.468,0.154,0.009,7.8,15.6,11.6,5.7,2.2,1.5,7.3,17.2,103,105,1.1,2.4,3.5,0.084
21,8,26,14.8,0.538,0.500,0.143,0.214,4.4,8.4,6.4,6.8,2.0,0.0,11.8,29.6,98,109,0.0,0.0,0.0,0.033
30,2,25,-0.2,0.461,0.500,0.500,0.000,9.1,8.7,8.9,0.0,0.0,0.0,23.5,23.3,74,113,-0.1,0.0,-0.1,-0.146
24,78,2983,21.3,0.589,0.549,0.210,0.432,2.3,9.1,5.8,31.1,2.1,0.3,13.7,26.4,115,107,8.4,2.8,11.2,0.180
31,47,765,18.6,0.565,0.543,0.217,0.004,14.2,24.9,19.4,4.5,1.1,5.1,15.5,18.7,108,101,0.9,1.2,2.2,0.137
32,59,1085,9.2,0.432,0.405,0.154,0.205,4.6,10.5,7.4,9.0,2.4,0.7,10.7,16.9,92,106,-0.6,1.1,0.5,0.023
19,64,1846,21.7,0.559,0.516,0.333,0.009,10.5,23.5,16.8,6.1,2.2,5.1,10.3,21.8,113,104,3.7,2.4,6.1,0.159
23,81,1631,17.8,0.561,0.539,0.346,0.000,10.9,22.8,16.7,6.7,1.2,4.2,10.2,17.6,114,102,2.9,2.4,5.4,0.159
23,45,1087,18.1,0.570,0.549,0.301,0.000,10.2,22.8,16.4,8.8,1.2,2.8,10.5,18.3,115,105,2.1,1.2,3.3,0.147
23,36,544,17.2,0.539,0.517,0.455,0.000,12.1,22.8,17.4,2.4,1.3,7.1,9.5,16.1,113,96,0.8,1.2,2.1,0.183
27,34,1064,15.0,0.483,0.448,0.245,0.004,5.8,20.3,13.1,11.3,1.6,1.5,10.8,25.4,97,107,-0.1,0.9,0.8,0.035
24,55,676,12.9,0.554,0.531,0.163,0.471,2.7,18.8,10.6,10.1,1.1,2.6,11.5,17.1,109,104,0.8,0.9,1.6,0.117
24,24,348,12.6,0.581,0.552,0.186,0.412,3.2,17.9,10.4,9.6,0.8,1.8,11.0,15.4,115,109,0.5,0.2,0.8,0.108
24,31,328,13.3,0.529,0.514,0.144,0.523,2.1,19.8,10.8,10.6,1.5,3.5,11.9,18.8,104,99,0.2,0.6,0.9,0.127
25,72,920,11.1,0.530,0.500,0.183,0.340,3.1,13.7,8.7,21.6,2.3,0.5,23.7,17.1,97,102,0.0,1.4,1.3,0.070
30,67,1689,13.3,0.549,0.532,0.090,0.679,1.2,13.4,7.4,12.5,2.0,0.4,10.0,18.6,109,107,2.0,1.5,3.5,0.101
27,75,2903,15.1,0.508,0.461,0.258,0.213,6.3,12.6,9.4,13.2,1.5,0.8,10.6,21.5,105,105,3.0,3.3,6.3,0.105
27,2,4,-19.4,0.000,0.000,0.000,0.000,0.0,0.0,0.0,0.0,0.0,0.0,0.0,22.8,0,116,0.0,0.0,0.0,-0.571
23,82,3013,14.7,0.523,0.459,0.347,0.097,1.9,10.9,6.3,12.0,1.3,0.6,9.6,24.2,105,110,3.1,1.6,4.7,0.075
30,75,1709,11.9,0.603,0.584,0.196,0.235,4.7,12.0,8.6,15.0,1.6,1.1,18.9,12.0,113,103,2.2,2.3,4.4,0.124
31,22,226,6.6,0.292,0.296,0.037,0.037,4.9,21.4,12.9,8.5,1.2,5.7,22.6,7.1,74,108,-0.3,0.2,-0.1,-0.017
32,7,82,11.2,0.644,0.595,0.333,0.571,0.0,1.5,0.7,15.6,0.7,0.0,17.2,16.4,117,108,0.2,0.1,0.2,0.128
26,71,1289,13.4,0.531,0.491,0.180,0.464,3.0,9.2,6.1,18.3,2.8,0.2,13.9,19.9,106,108,1.4,1.0,2.4,0.089
26,49,913,12.3,0.522,0.482,0.193,0.460,2.9,8.2,5.6,16.0,2.2,0.2,12.8,21.0,105,108,0.8,0.7,1.5,0.081
26,22,376,16.0,0.558,0.522,0.140,0.474,3.3,11.6,7.3,23.8,4.2,0.2,17.1,17.3,111,108,0.6,0.3,0.9,0.110
26,6,63,8.3,0.462,0.357,0.714,0.286,0.0,8.7,4.4,8.9,1.6,0.0,5.2,14.0,101,110,0.0,0.0,0.1,0.041
26,77,2581,17.5,0.540,0.491,0.360,0.305,2.6,8.0,5.2,35.7,2.5,0.8,16.8,21.7,109,109,4.1,1.6,5.7,0.106
19,60,1243,21.6,0.578,0.610,0.465,0.006,15.4,27.2,21.2,4.1,2.5,6.1,12.2,17.2,114,99,2.2,2.3,4.5,0.172
27,79,2170,14.9,0.582,0.547,0.242,0.405,4.1,8.9,6.4,14.9,1.8,0.3,12.0,17.2,114,111,3.9,0.9,4.8,0.106
30,46,820,8.0,0.517,0.516,0.106,0.740,1.5,7.5,4.6,22.8,1.2,0.1,23.7,9.2,108,111,0.6,0.4,1.0,0.056
36,69,2078,24.4,0.554,0.503,0.307,0.007,7.3,29.6,19.1,15.5,1.2,6.4,11.7,27.8,107,95,3.4,4.9,8.3,0.191
32,75,1943,13.6,0.577,0.545,0.205,0.479,1.7,14.9,8.0,11.5,1.0,1.3,11.7,17.3,111,107,2.7,1.7,4.4,0.109
24,81,3119,28.3,0.647,0.559,0.523,0.233,1.8,20.3,11.8,21.7,1.9,2.6,13.7,29.8,122,100,13.6,5.3,18.9,0.291
23,19,197,6.3,0.411,0.370,0.192,0.301,5.7,16.9,11.5,7.8,0.8,0.4,12.2,20.4,87,108,-0.2,0.1,-0.1,-0.025
25,78,1661,12.2,0.546,0.516,0.142,0.454,1.7,10.3,5.8,10.1,1.4,0.1,9.2,16.8,111,109,2.1,1.1,3.2,0.093
25,40,676,9.8,0.529,0.510,0.080,0.487,0.9,8.4,4.5,9.9,1.3,0.1,10.4,15.7,107,105,0.6,0.8,1.3,0.094
25,38,985,13.9,0.556,0.520,0.179,0.433,2.2,11.6,6.7,10.3,1.5,0.2,8.5,17.6,113,112,1.6,0.3,1.9,0.093
27,82,3076,16.2,0.493,0.448,0.260,0.228,1.5,9.8,5.5,27.1,2.8,0.9,13.7,26.3,100,105,1.2,3.3,4.6,0.071
24,41,407,7.9,0.477,0.438,0.259,0.446,2.2,8.4,5.2,9.8,2.1,0.6,13.2,16.1,96,110,0.0,0.2,0.2,0.021
25,37,215,19.9,0.641,0.614,0.750,0.023,14.0,17.6,15.8,8.0,2.0,4.8,12.0,14.1,130,104,0.7,0.3,0.9,0.208
32,80,1967,12.8,0.506,0.479,0.851,0.000,15.5,38.0,26.7,3.2,2.0,0.5,23.6,11.0,102,100,0.8,3.5,4.3,0.105
23,65,2016,18.1,0.558,0.508,0.354,0.174,3.1,13.5,8.2,19.0,2.3,1.0,12.6,22.3,110,111,3.6,0.8,4.4,0.105
23,78,1120,9.3,0.467,0.438,0.479,0.000,14.3,16.4,15.4,2.7,1.0,5.2,23.5,10.7,97,103,0.0,1.5,1.5,0.066
23,80,2248,18.5,0.573,0.552,0.386,0.000,13.2,23.2,18.3,5.1,1.8,2.9,12.3,17.7,116,102,4.5,3.4,7.8,0.167
21,77,1787,17.5,0.533,0.482,0.458,0.009,11.9,24.0,17.9,6.8,2.0,5.7,15.9,20.6,104,101,1.5,2.9,4.4,0.117
28,68,2313,15.2,0.505,0.480,0.145,0.293,2.5,7.5,4.9,27.0,2.2,0.5,14.2,22.1,105,108,2.5,1.7,4.2,0.087
24,51,1037,10.3,0.487,0.462,0.238,0.063,6.7,17.4,11.9,8.9,1.6,0.6,14.6,12.9,101,108,0.3,0.8,1.1,0.052
38,33,575,7.7,0.492,0.435,0.236,0.497,0.4,6.6,3.6,11.7,1.7,0.4,14.4,16.4,97,108,0.0,0.4,0.4,0.034
38,9,229,8.7,0.513,0.431,0.354,0.354,0.0,7.2,3.6,19.5,1.1,0.7,19.3,18.5,97,111,0.0,0.1,0.1,0.016
38,24,346,7.0,0.478,0.438,0.156,0.594,0.7,6.2,3.6,6.6,2.1,0.2,10.5,15.1,97,106,0.0,0.3,0.3,0.046
20,38,428,13.8,0.597,0.566,0.257,0.355,1.6,7.4,4.6,15.5,2.2,0.2,15.9,20.4,111,108,0.7,0.3,1.0,0.115
29,82,2249,11.7,0.550,0.518,0.195,0.588,0.9,5.8,3.3,11.7,1.5,0.9,10.3,18.1,110,111,2.8,0.9,3.7,0.080
23,69,967,14.6,0.546,0.500,0.242,0.381,2.2,6.4,4.2,15.9,1.6,0.2,13.1,23.9,106,115,1.1,-0.1,1.1,0.052
25,51,477,9.3,0.435,0.408,0.190,0.000,9.6,19.5,14.5,4.3,1.4,1.7,11.0,16.6,94,108,-0.2,0.4,0.2,0.022
24,71,2309,16.7,0.561,0.495,0.400,0.416,3.2,14.4,8.9,11.2,1.4,1.2,9.8,21.3,116,107,5.2,2.0,7.2,0.151
31,58,1029,11.0,0.519,0.505,0.070,0.597,0.9,9.4,5.1,9.2,2.3,2.9,9.4,14.7,105,109,0.6,0.6,1.3,0.059
31,40,710,10.5,0.488,0.473,0.068,0.532,1.1,10.1,5.5,9.0,2.3,3.4,8.7,14.5,101,110,0.2,0.4,0.6,0.040
31,18,319,12.2,0.586,0.574,0.074,0.737,0.4,7.7,4.1,9.5,2.2,1.7,10.9,15.1,112,107,0.4,0.3,0.7,0.101
36,68,2022,19.2,0.535,0.498,0.236,0.019,4.5,25.8,15.5,14.4,2.0,2.4,10.5,24.5,104,99,1.8,3.8,5.6,0.133
24,19,149,9.0,0.375,0.357,0.204,0.306,3.7,7.8,5.7,31.3,3.4,0.0,23.1,20.7,80,108,-0.3,0.1,-0.2,-0.073
28,80,2796,19.5,0.559,0.494,0.364,0.016,7.6,18.9,13.1,19.1,1.6,4.1,13.5,19.2,115,98,6.1,5.4,11.5,0.197
32,49,1655,16.7,0.512,0.473,0.307,0.048,7.6,20.1,14.0,19.9,0.7,2.7,13.7,20.5,107,106,2.0,1.7,3.7,0.107
26,75,2687,15.6,0.494,0.449,0.235,0.208,4.3,16.3,10.2,13.6,2.3,1.6,12.5,27.2,98,102,0.1,3.9,4.0,0.072
26,42,1541,14.1,0.478,0.438,0.227,0.188,4.2,15.1,9.5,12.4,2.0,1.7,12.1,25.7,97,101,-0.2,2.6,2.4,0.075
26,33,1146,17.6,0.513,0.464,0.246,0.232,4.4,17.8,11.0,15.3,2.6,1.5,13.1,29.1,99,105,0.3,1.4,1.6,0.068
25,82,2541,10.5,0.505,0.456,0.276,0.294,3.3,11.7,7.3,8.2,2.2,0.9,13.7,16.9,99,110,0.5,1.5,1.9,0.036
29,36,644,11.8,0.605,0.576,0.173,0.374,5.5,12.3,8.8,6.4,1.3,0.5,9.7,11.5,121,108,1.0,0.5,1.5,0.114
22,79,2972,16.8,0.531,0.491,0.233,0.399,3.4,19.0,11.3,19.6,2.6,1.3,15.2,23.5,104,97,2.7,6.3,9.0,0.145
26,46,919,7.7,0.475,0.453,0.150,0.660,0.6,7.3,3.8,13.4,1.7,0.4,10.5,14.3,101,112,0.3,0.2,0.5,0.026
27,65,1459,14.4,0.518,0.485,0.297,0.009,9.7,17.5,13.6,7.1,1.0,4.7,13.2,18.1,104,101,1.0,2.3,3.3,0.109
35,60,1393,19.0,0.560,0.502,0.382,0.436,2.6,13.4,8.3,30.6,2.9,0.7,17.3,25.2,107,100,2.1,2.4,4.5,0.155
31,16,151,7.7,0.382,0.336,0.262,0.082,8.9,13.3,11.0,6.1,1.7,2.9,11.7,22.2,84,105,-0.3,0.2,-0.1,-0.034
29,75,1560,12.7,0.515,0.482,0.167,0.384,1.3,8.5,4.8,17.6,1.2,0.8,14.3,27.8,96,115,-0.4,-0.2,-0.6,-0.018
24,42,1264,15.4,0.523,0.450,0.380,0.296,0.9,6.4,3.6,19.3,1.9,0.5,14.6,29.4,101,112,0.8,0.3,1.1,0.042
28,61,1876,15.4,0.543,0.521,0.244,0.005,7.6,24.0,15.6,6.5,1.1,3.9,13.6,17.2,104,105,1.3,2.1,3.4,0.086
24,1,6,-6.4,0.000,0.000,0.000,0.000,18.9,0.0,9.2,0.0,0.0,0.0,0.0,14.8,38,116,0.0,0.0,0.0,-0.264
29,5,74,4.0,0.350,0.314,0.229,0.286,4.6,8.9,6.8,6.9,1.4,1.0,9.4,26.2,77,103,-0.2,0.1,-0.1,-0.075
28,42,513,9.0,0.544,0.533,0.489,0.000,10.9,20.0,15.4,9.9,0.7,0.8,24.8,13.1,101,108,0.2,0.4,0.5,0.050
25,80,2201,14.1,0.600,0.581,0.119,0.623,2.0,10.3,6.4,9.5,2.1,1.8,11.9,16.6,110,102,2.6,3.2,5.9,0.128
22,79,1061,7.1,0.404,0.354,0.214,0.261,6.2,20.3,13.5,7.0,2.0,1.8,15.4,14.0,87,102,-0.9,1.6,0.6,0.028
27,60,1080,9.9,0.465,0.435,0.153,0.443,3.3,11.1,7.3,7.9,0.9,1.6,10.5,21.3,95,103,-0.3,1.5,1.3,0.056
26,81,2252,15.0,0.561,0.510,0.329,0.226,3.0,13.4,8.3,9.6,1.3,2.4,12.5,22.2,104,104,1.9,2.8,4.7,0.099
31,72,1188,11.8,0.562,0.553,0.083,0.430,1.7,7.9,4.9,7.1,1.3,0.8,7.2,16.6,113,108,1.7,0.9,2.5,0.103
23,80,2598,22.4,0.572,0.541,0.397,0.026,8.7,21.5,15.2,19.9,2.0,1.6,12.8,25.4,114,102,6.8,3.9,10.6,0.196
27,30,322,10.2,0.447,0.427,0.329,0.000,15.0,24.7,19.8,5.7,1.0,6.4,24.8,17.4,85,101,-0.4,0.5,0.1,0.010
27,13,87,7.4,0.343,0.333,0.095,0.000,13.3,19.4,16.3,6.9,0.6,5.7,15.5,13.7,85,99,-0.1,0.2,0.1,0.039
27,17,235,11.2,0.479,0.459,0.410,0.000,15.6,26.7,21.0,5.2,1.1,6.7,27.3,18.7,85,102,-0.4,0.4,0.0,0.000
22,40,397,16.9,0.490,0.485,0.129,0.363,9.2,17.4,13.4,9.2,1.9,1.6,8.2,25.3,104,105,0.4,0.5,0.8,0.100
34,50,1088,10.6,0.481,0.446,0.162,0.109,1.7,7.2,4.4,19.9,1.2,0.3,14.2,25.0,94,107,-0.6,0.9,0.4,0.016
25,28,200,7.2,0.501,0.400,0.600,0.511,1.1,8.8,5.0,16.1,1.9,0.7,24.0,17.1,92,102,-0.1,0.3,0.2,0.044
27,81,1366,15.3,0.527,0.432,0.737,0.007,13.4,17.0,15.2,4.4,1.1,1.0,12.6,20.6,110,101,2.1,2.2,4.4,0.154
23,78,2985,23.0,0.600,0.504,0.592,0.364,2.4,11.9,7.2,25.7,2.4,1.0,14.9,29.0,116,106,9.8,3.0,12.8,0.206
19,76,1974,12.5,0.504,0.489,0.227,0.207,7.0,12.2,9.6,3.9,2.3,2.4,10.0,15.9,101,107,0.7,1.7,2.4,0.059
23,6,31,8.5,0.506,0.500,0.222,0.556,12.6,15.0,13.9,0.0,1.7,2.6,23.3,19.9,87,104,0.0,0.0,0.0,0.002
32,10,119,10.3,0.434,0.421,0.070,0.526,5.7,19.9,12.8,13.7,1.8,0.6,10.6,25.1,90,107,-0.1,0.1,0.0,-0.012
29,58,1421,14.6,0.565,0.525,0.348,0.519,0.5,8.7,4.7,21.7,2.3,0.7,14.7,19.5,108,106,1.8,1.5,3.3,0.111
25,20,137,-3.8,0.239,0.148,0.370,0.296,3.8,19.3,11.4,9.0,0.8,1.8,35.1,16.6,48,109,-0.7,0.1,-0.6,-0.219
25,7,29,7.2,0.434,0.250,1.000,0.125,18.0,20.1,19.1,9.5,0.0,0.0,25.8,25.6,88,107,0.0,0.0,0.0,-0.040
25,13,108,-6.8,0.126,0.105,0.105,0.368,0.0,19.1,9.4,8.9,1.0,2.3,39.5,14.2,28,109,-0.7,0.1,-0.6,-0.267
20,55,1299,16.0,0.527,0.488,0.268,0.211,6.2,18.6,12.4,8.8,1.3,2.6,10.3,22.1,105,107,1.2,1.2,2.4,0.089
20,28,325,13.0,0.538,0.491,0.226,0.183,5.4,13.7,9.4,6.4,1.2,1.6,12.5,19.4,104,107,0.2,0.3,0.5,0.080
20,27,974,17.0,0.524,0.487,0.280,0.219,6.5,20.2,13.3,9.6,1.3,2.9,9.7,23.1,105,107,1.0,0.9,1.9,0.092
32,75,1414,9.9,0.535,0.514,0.179,0.000,9.0,25.3,17.6,3.8,1.1,0.9,14.2,10.7,110,103,1.2,2.0,3.2,0.108
24,82,2233,16.0,0.514,0.483,0.194,0.107,8.5,21.7,14.9,13.5,0.6,3.9,13.0,20.9,103,104,1.7,2.8,4.5,0.096
29,74,1209,10.7,0.469,0.442,0.253,0.005,10.5,18.2,14.2,13.1,1.3,1.2,17.2,9.4,111,111,1.1,0.4,1.5,0.060
22,72,2104,16.8,0.564,0.501,0.380,0.318,2.8,9.8,6.3,16.7,1.5,1.4,11.7,22.1,113,110,4.2,1.2,5.4,0.123
26,4,31,11.2,0.396,0.200,0.600,0.400,0.0,15.2,7.4,14.2,3.3,0.0,0.0,18.3,102,103,0.0,0.0,0.1,0.087
33,61,1162,8.7,0.441,0.431,0.306,0.005,12.0,16.7,14.3,3.9,0.7,3.4,16.9,11.5,95,112,-0.2,0.4,0.1,0.006
25,68,2133,16.4,0.531,0.466,0.366,0.117,2.9,10.8,6.7,15.6,1.7,1.3,9.8,23.5,107,113,2.9,0.3,3.3,0.073
21,50,625,7.6,0.481,0.422,0.571,0.068,3.9,13.4,8.6,3.2,1.4,0.7,13.3,17.3,94,111,-0.2,0.2,0.0,0.002
22,63,827,18.2,0.497,0.482,0.313,0.009,14.5,24.4,19.3,6.3,1.2,3.7,11.0,22.6,103,102,0.6,1.2,1.9,0.109
26,79,2269,17.3,0.489,0.449,0.261,0.005,14.8,17.4,16.1,8.9,0.9,6.7,14.5,22.5,101,97,1.3,4.9,6.1,0.129
24,80,2323,19.7,0.591,0.562,0.360,0.003,13.2,28.5,20.7,6.6,1.1,1.7,14.4,19.9,113,106,4.6,2.3,6.9,0.142
23,6,32,12.6,0.352,0.342,0.105,0.263,3.5,7.4,5.4,29.8,4.9,0.0,0.0,28.3,90,108,0.0,0.0,0.0,-0.022
30,61,1659,17.0,0.538,0.480,0.453,0.002,6.7,20.6,13.6,19.0,1.7,1.8,16.3,23.4,103,101,1.3,2.7,4.0,0.116
26,76,2620,16.6,0.558,0.518,0.245,0.405,2.0,9.9,6.0,23.4,1.6,0.7,10.7,18.8,117,102,5.9,3.8,9.7,0.177
40,29,437,4.8,0.428,0.403,0.245,0.112,1.7,11.5,6.7,8.3,1.3,1.3,18.7,14.0,83,107,-0.5,0.4,-0.1,-0.014
25,29,458,18.5,0.533,0.497,0.394,0.013,20.3,19.7,20.0,4.7,0.9,3.0,12.5,20.2,113,105,0.9,0.5,1.4,0.147
32,60,1764,10.8,0.493,0.461,0.232,0.431,1.0,9.3,5.1,27.5,1.9,1.1,17.5,14.7,103,105,1.0,2.1,3.1,0.085
22,78,2926,16.7,0.496,0.466,0.188,0.192,3.3,9.5,6.4,36.5,2.2,0.9,17.3,26.6,99,107,0.6,2.7,3.3,0.055
23,9,142,7.6,0.408,0.375,0.167,0.333,0.0,11.5,5.6,16.0,1.1,3.3,14.9,19.6,82,107,-0.3,0.1,-0.1,-0.042
28,60,663,11.3,0.674,0.614,0.772,0.000,9.1,15.7,12.5,2.4,0.5,4.3,22.4,13.6,115,105,1.0,0.8,1.7,0.125
22,9,32,1.9,0.337,0.273,0.182,0.182,10.5,25.8,18.0,9.1,0.0,2.4,29.6,23.4,64,111,-0.2,0.0,-0.1,-0.220
26,74,2756,19.8,0.560,0.545,0.196,0.006,8.2,23.0,15.7,15.3,1.5,2.2,11.3,21.8,110,102,4.7,4.1,8.8,0.153
27,76,2722,19.4,0.573,0.579,0.887,0.007,10.4,27.4,19.1,6.6,1.6,4.9,16.6,22.2,105,100,2.8,4.8,7.6,0.134
32,11,207,9.5,0.450,0.435,0.156,0.208,4.8,15.4,9.9,3.2,2.5,1.1,10.8,20.0,88,104,-0.2,0.3,0.0,0.009
39,7,51,9.9,0.540,0.526,0.053,0.000,0.0,18.3,9.7,19.8,0.0,0.0,17.1,22.0,98,108,0.0,0.0,0.0,0.039
27,65,1191,13.6,0.515,0.448,0.397,0.006,12.4,23.9,18.1,4.3,0.7,2.1,13.5,16.3,109,105,1.4,1.3,2.7,0.109
23,80,2486,19.4,0.612,0.586,0.246,0.073,11.1,17.0,14.2,2.8,0.6,7.4,12.7,18.1,117,101,5.3,4.1,9.4,0.181
29,80,2779,15.2,0.520,0.502,0.307,0.327,3.4,13.5,8.5,22.4,2.5,1.5,17.1,18.8,105,105,2.4,3.2,5.6,0.097
25,73,2012,18.3,0.552,0.521,0.196,0.267,7.9,20.3,13.9,9.6,1.7,1.3,7.9,20.5,114,104,4.1,2.5,6.7,0.159
20,59,2048,21.4,0.553,0.503,0.271,0.261,1.8,10.8,6.1,32.7,2.3,0.8,13.8,30.2,108,110,4.2,1.1,5.3,0.125
31,53,698,8.1,0.563,0.559,0.111,0.611,2.5,6.8,4.6,6.7,1.7,0.3,11.7,11.3,108,109,0.5,0.5,1.0,0.066
29,79,2349,15.9,0.542,0.499,0.231,0.237,1.0,10.1,5.7,29.9,1.3,0.4,14.3,21.0,110,108,3.9,1.8,5.6,0.115
22,70,993,14.2,0.531,0.495,0.191,0.320,2.6,15.6,9.6,19.3,1.5,1.0,13.1,18.6,108,104,1.2,1.3,2.5,0.121
34,55,1075,8.0,0.473,0.442,0.212,0.515,2.5,13.5,8.3,10.7,1.8,0.9,17.6,18.7,87,103,-1.2,1.5,0.3,0.013
27,46,457,14.7,0.541,0.515,0.398,0.019,12.9,18.9,16.0,1.9,1.3,6.5,12.9,13.9,111,103,0.5,0.7,1.2,0.125
28,76,2877,31.6,0.640,0.603,0.395,0.188,4.4,20.8,13.1,36.4,2.4,1.9,12.4,30.2,125,101,14.6,4.7,19.3,0.322
37,45,862,9.5,0.481,0.461,0.107,0.461,1.2,8.0,4.7,23.7,1.5,0.3,16.2,17.9,97,110,0.0,0.5,0.4,0.024
36,76,1636,15.3,0.561,0.537,0.237,0.405,7.5,16.6,12.2,5.0,0.9,1.0,7.7,18.7,114,108,3.0,1.3,4.3,0.126
28,78,2578,20.9,0.522,0.495,0.176,0.014,7.0,25.9,16.3,12.0,1.6,2.7,7.3,25.3,109,104,4.3,3.3,7.7,0.143
32,56,568,10.3,0.552,0.507,0.390,0.331,1.0,14.9,8.1,8.0,1.3,1.0,12.6,14.4,106,106,0.4,0.6,1.0,0.081
31,38,350,2.4,0.343,0.296,0.426,0.037,8.5,11.4,10.0,5.6,0.9,1.3,21.0,10.6,80,111,-0.4,0.1,-0.3,-0.042
23,59,441,7.5,0.425,0.409,0.182,0.017,2.0,6.0,4.0,14.8,1.8,0.4,13.8,15.5,89,109,-0.3,0.3,0.0,-0.005
23,47,291,6.9,0.445,0.428,0.217,0.024,2.0,5.9,4.0,14.4,1.6,0.3,17.3,16.9,88,109,-0.3,0.2,-0.1,-0.018
23,12,150,8.6,0.377,0.368,0.105,0.000,2.2,6.2,4.1,15.7,2.1,0.5,4.8,12.8,94,108,0.0,0.1,0.1,0.021
21,61,902,13.0,0.576,0.536,0.238,0.469,2.2,9.6,6.0,9.8,0.7,0.8,11.0,18.7,109,109,1.1,0.6,1.7,0.091
23,80,2897,16.1,0.510,0.468,0.225,0.370,2.1,7.2,4.6,29.1,2.2,0.3,12.9,23.7,106,108,3.6,2.2,5.8,0.096
25,49,892,15.7,0.531,0.489,0.278,0.263,8.6,15.4,11.9,8.1,2.3,0.7,10.6,20.2,109,107,1.2,0.8,2.0,0.107
25,81,2325,17.3,0.591,0.559,0.309,0.021,11.4,20.0,15.6,8.7,1.8,3.8,14.5,16.1,116,104,4.4,2.9,7.3,0.151
22,8,102,10.7,0.560,0.560,0.080,0.720,5.7,7.1,6.4,3.1,2.1,0.0,10.4,13.1,111,104,0.1,0.1,0.2,0.112
27,30,284,18.4,0.650,0.640,0.453,0.000,7.8,16.6,12.1,4.9,1.3,7.6,12.6,16.2,119,101,0.6,0.4,1.0,0.176
28,69,1035,15.7,0.546,0.521,0.368,0.037,8.5,20.7,14.7,7.4,2.8,1.0,14.7,21.7,102,101,0.6,1.7,2.3,0.106
25,54,878,10.2,0.442,0.417,0.237,0.074,6.2,12.9,9.5,10.2,2.4,4.5,17.9,19.3,87,108,-1.1,0.6,-0.5,-0.028
31,72,2642,14.1,0.521,0.493,0.153,0.375,2.4,7.4,4.9,16.7,1.0,0.4,9.9,21.7,109,111,3.9,1.2,5.1,0.092
23,51,619,11.4,0.523,0.500,0.178,0.522,3.7,15.9,9.9,12.5,0.9,1.1,13.0,16.4,106,102,0.5,1.0,1.5,0.115
25,50,953,10.3,0.485,0.470,0.088,0.391,2.5,12.4,7.3,5.9,1.2,1.4,10.4,21.4,93,110,-0.5,0.5,0.0,0.000
23,4,6,-6.7,0.000,0.000,0.000,0.250,18.9,53.7,36.7,21.7,0.0,0.0,0.0,29.7,35,100,-0.1,0.0,-0.1,-0.439
32,78,1016,6.4,0.482,0.394,0.509,0.221,2.7,8.4,5.6,6.7,1.1,0.5,12.3,14.0,97,110,0.0,0.6,0.6,0.026
32,50,635,6.9,0.494,0.386,0.586,0.264,2.3,9.8,6.1,6.1,0.8,0.6,11.1,14.2,100,111,0.2,0.3,0.4,0.033
32,28,381,5.4,0.460,0.409,0.378,0.146,3.4,5.9,4.7,7.6,1.6,0.2,14.3,13.6,92,108,-0.2,0.3,0.1,0.015
22,63,803,8.4,0.485,0.456,0.234,0.161,2.4,12.4,7.4,3.0,1.2,2.1,11.1,15.3,93,110,-0.3,0.4,0.1,0.007
24,29,338,12.4,0.438,0.372,0.486,0.083,6.0,8.7,7.4,36.2,2.1,0.5,22.3,23.0,93,108,-0.2,0.2,0.0,0.001
32,38,221,8.1,0.478,0.475,0.066,0.869,0.0,11.6,6.1,8.4,0.5,2.2,4.6,14.2,101,108,0.1,0.2,0.2,0.054
23,32,334,11.1,0.418,0.402,0.140,0.000,12.6,14.5,13.5,4.8,1.4,1.2,6.6,16.2,99,110,0.1,0.2,0.2,0.032
21,38,280,7.8,0.417,0.394,0.152,0.020,5.3,19.1,12.7,5.5,0.9,1.6,12.4,19.6,85,104,-0.4,0.4,0.0,-0.003
28,2,26,-5.7,0.000,0.000,0.000,0.000,4.4,9.3,6.8,0.0,0.0,3.3,75.0,7.2,17,110,-0.1,0.0,-0.1,-0.172
21,19,276,17.1,0.512,0.484,0.181,0.202,11.6,15.0,13.4,8.6,2.2,5.2,11.4,18.1,108,102,0.3,0.4,0.7,0.128
24,82,2010,17.2,0.606,0.643,0.510,0.000,12.7,22.4,17.6,2.2,1.3,4.7,14.3,15.9,113,101,3.0,3.2,6.2,0.148
21,28,388,13.5,0.528,0.491,0.191,0.191,3.8,11.3,7.7,20.2,2.0,0.7,15.0,16.6,107,103,0.4,0.5,0.9,0.113
24,10,54,0.6,0.257,0.143,0.571,0.214,2.3,12.9,7.7,2.8,3.0,0.0,10.2,17.0,57,104,-0.2,0.1,-0.1,-0.127
24,6,24,-3.2,0.274,0.182,0.364,0.182,5.1,19.1,12.3,6.2,0.0,0.0,13.6,29.1,59,107,-0.2,0.0,-0.1,-0.275
24,4,30,3.7,0.210,0.000,1.333,0.333,0.0,7.9,3.9,0.0,5.4,0.0,0.0,7.3,53,102,-0.1,0.0,0.0,-0.008
30,66,1363,16.3,0.529,0.507,0.138,0.002,8.1,22.1,15.2,6.6,1.1,3.0,13.6,25.3,98,105,0.0,1.6,1.6,0.058
20,70,1078,17.6,0.588,0.545,0.309,0.003,14.5,18.6,16.5,5.0,1.4,2.3,19.0,22.4,106,107,1.2,1.0,2.3,0.101
39,76,2043,13.5,0.532,0.511,0.117,0.795,2.8,16.2,9.3,17.8,3.3,1.1,15.0,11.6,114,103,2.6,2.8,5.4,0.128
19,78,2025,14.0,0.506,0.460,0.305,0.015,7.2,18.9,12.9,10.1,1.4,2.8,12.7,17.9,102,110,1.1,1.0,2.1,0.051
31,64,2034,17.6,0.590,0.538,0.446,0.214,5.6,15.1,10.2,14.4,2.4,2.4,15.1,17.4,113,104,3.4,2.6,6.0,0.142
28,20,376,8.2,0.460,0.403,0.264,0.458,3.1,13.5,8.2,6.9,0.6,0.4,8.0,21.6,96,111,-0.1,0.2,0.1,0.013
21,75,2365,12.0,0.511,0.475,0.256,0.372,2.6,9.6,6.0,21.3,1.3,0.3,17.3,22.8,98,111,0.3,0.8,1.1,0.022
31,74,2259,13.9,0.637,0.618,0.130,0.689,1.2,13.5,7.4,9.9,1.6,1.3,9.9,14.5,119,105,4.0,2.5,6.4,0.137
23,81,1817,17.2,0.585,0.581,0.205,0.002,13.3,21.2,17.3,2.6,1.2,4.4,8.7,14.5,122,103,3.9,2.5,6.5,0.171
25,25,224,14.4,0.618,0.717,0.804,0.000,12.1,11.0,11.6,6.6,1.2,3.2,18.4,15.5,109,109,0.3,0.1,0.4,0.086
21,47,577,4.8,0.433,0.411,0.209,0.227,1.5,7.4,4.4,8.2,1.2,0.0,12.7,15.7,86,112,-0.6,0.2,-0.4,-0.032
21,23,280,3.0,0.384,0.368,0.158,0.168,1.1,5.6,3.3,10.6,1.3,0.0,13.6,18.3,78,111,-0.6,0.1,-0.4,-0.076
21,24,297,6.5,0.498,0.471,0.279,0.309,1.9,9.1,5.5,5.8,1.1,0.0,11.6,13.2,98,113,0.0,0.1,0.1,0.010
20,23,147,11.2,0.479,0.419,0.206,0.441,4.2,9.4,7.0,5.4,0.7,1.0,7.5,24.8,100,108,0.1,0.1,0.2,0.058
29,81,1876,17.5,0.605,0.541,0.453,0.005,10.9,17.3,14.2,5.6,0.9,1.3,13.7,20.0,116,106,4.3,1.9,6.2,0.159
25,73,2513,17.9,0.549,0.505,0.320,0.239,1.6,7.1,4.4,30.2,2.1,0.2,14.1,22.3,113,109,5.6,1.8,7.4,0.141
27,78,1941,11.7,0.545,0.519,0.136,0.294,1.9,9.4,5.8,11.7,2.4,0.9,13.0,15.7,102,104,0.9,2.4,3.3,0.082
29,79,2907,19.2,0.561,0.519,0.276,0.003,8.5,24.5,16.8,16.5,1.2,0.6,13.7,23.2,110,104,5.4,3.7,9.1,0.150
22,16,289,9.8,0.460,0.434,0.263,0.316,5.8,9.8,7.7,10.7,2.1,1.6,10.5,14.7,100,106,0.1,0.3,0.4,0.059
21,58,1810,16.4,0.592,0.556,0.240,0.331,4.3,17.1,11.1,7.7,2.7,1.3,9.6,16.4,114,99,3.0,3.3,6.2,0.166
20,69,1206,12.1,0.596,0.551,0.321,0.025,7.6,17.1,12.3,4.3,0.5,2.4,13.4,13.9,115,110,1.8,0.7,2.4,0.097
23,28,187,10.4,0.485,0.481,0.250,0.058,7.9,15.5,11.6,6.8,1.7,0.0,12.2,15.9,99,106,0.0,0.2,0.2,0.057
23,9,91,3.3,0.359,0.357,0.214,0.107,6.1,10.7,8.3,8.5,1.1,0.0,14.0,17.5,78,113,-0.2,0.0,-0.2,-0.092
23,19,96,17.2,0.628,0.625,0.292,0.000,9.7,20.1,14.8,5.3,2.3,0.0,10.0,14.4,124,99,0.2,0.2,0.4,0.198
33,55,792,11.1,0.530,0.516,0.181,0.526,3.1,15.0,9.4,5.7,1.4,1.4,10.9,18.2,101,105,0.3,0.9,1.2,0.071
24,39,290,9.4,0.528,0.521,0.383,0.404,5.5,14.7,10.5,7.2,3.2,0.8,20.3,10.8,101,101,0.1,0.5,0.6,0.092
22,82,3167,16.4,0.546,0.501,0.249,0.391,1.5,8.0,4.7,28.8,1.2,0.5,14.5,24.2,108,112,5.1,0.7,5.8,0.088
24,82,2640,14.9,0.538,0.490,0.307,0.287,1.4,9.1,5.3,29.4,2.5,0.8,18.8,20.8,106,107,3.0,2.5,5.4,0.099
27,66,1455,13.0,0.536,0.480,0.283,0.012,2.4,10.4,6.2,23.2,1.7,1.7,16.3,14.3,109,109,1.7,0.9,2.6,0.086
27,17,320,7.4,0.434,0.364,0.227,0.045,0.7,12.2,6.4,18.1,1.8,0.5,19.0,12.8,89,104,-0.2,0.4,0.2,0.028
27,49,1135,14.6,0.559,0.507,0.296,0.004,2.8,9.8,6.2,24.6,1.7,2.1,15.7,14.7,114,110,1.9,0.6,2.4,0.102
24,74,2253,24.7,0.567,0.521,0.358,0.001,10.8,16.1,13.4,6.4,0.8,5.2,9.4,28.6,114,105,6.4,2.6,9.0,0.191
24,82,2136,18.9,0.573,0.534,0.288,0.000,12.4,13.4,12.9,5.3,0.8,5.0,12.0,20.0,114,110,4.4,1.2,5.6,0.126
24,18,618,17.9,0.458,0.386,0.477,0.309,11.5,35.9,23.3,11.8,1.1,1.1,9.8,28.9,99,102,0.1,0.9,1.1,0.084
26,68,2020,17.5,0.543,0.482,0.384,0.448,3.2,15.9,9.5,34.6,2.5,1.0,17.7,20.3,110,106,3.5,2.1,5.6,0.133
30,63,827,12.8,0.483,0.472,0.075,0.452,1.1,8.3,4.7,21.5,1.5,0.1,7.0,20.8,104,111,0.7,0.3,1.1,0.061
22,6,21,6.0,0.581,0.500,0.333,0.167,0.0,5.3,2.7,44.2,4.8,0.0,53.8,31.0,69,104,-0.1,0.0,-0.1,-0.230
23,31,416,11.3,0.537,0.532,0.127,0.389,0.8,10.0,5.4,26.3,1.9,0.0,20.4,18.5,99,106,0.1,0.4,0.5,0.056
23,7,141,10.4,0.453,0.450,0.050,0.325,2.3,10.3,6.3,26.3,2.2,0.0,16.4,15.8,96,104,0.0,0.2,0.2,0.052
23,4,7,-6.4,0.500,0.500,0.000,0.500,0.0,0.0,0.0,22.6,0.0,0.0,50.0,26.3,56,115,-0.1,0.0,-0.1,-0.348
23,20,268,12.3,0.577,0.571,0.167,0.417,0.0,10.1,5.1,26.3,1.7,0.0,21.0,19.7,102,107,0.1,0.2,0.4,0.068
33,18,257,7.9,0.489,0.388,0.632,0.276,2.2,9.1,5.6,11.4,1.2,0.6,14.9,20.2,97,111,0.0,0.1,0.1,0.017
26,80,1322,10.6,0.497,0.453,0.520,0.006,9.9,16.2,13.1,3.3,1.6,3.7,18.5,17.1,95,98,-0.4,2.6,2.3,0.083
34,67,2010,18.0,0.553,0.531,0.146,0.106,8.2,20.6,14.5,13.1,1.9,1.8,12.3,19.0,109,104,2.9,2.5,5.3,0.127
21,48,702,7.8,0.455,0.447,0.093,0.483,0.6,6.3,3.4,29.4,1.6,0.4,26.6,13.6,91,112,-0.4,0.2,-0.2,-0.012
28,41,694,9.7,0.511,0.496,0.111,0.579,1.7,14.3,8.0,4.8,1.4,0.7,10.8,19.5,95,104,-0.2,0.9,0.7,0.047
35,18,431,13.9,0.583,0.602,0.430,0.000,8.9,17.1,12.9,2.9,2.0,3.4,12.6,13.7,114,104,0.6,0.6,1.2,0.128
29,77,2136,16.0,0.608,0.551,0.316,0.477,1.8,7.4,4.8,7.9,1.7,0.3,10.2,21.0,117,107,5.0,2.0,7.0,0.157
32,69,1219,10.0,0.570,0.541,0.141,0.521,1.1,12.0,6.5,9.5,1.2,0.8,13.6,14.3,109,112,1.1,0.3,1.4,0.057
26,69,2403,14.1,0.574,0.540,0.231,0.526,1.7,7.6,4.6,11.8,2.0,0.6,10.9,19.1,111,111,3.6,1.0,4.7,0.093
29,72,1789,11.3,0.478,0.446,0.317,0.000,8.5,18.0,13.2,4.7,0.9,4.2,13.5,15.3,98,107,0.1,1.7,1.8,0.047
25,64,963,9.3,0.472,0.438,0.221,0.342,1.1,4.4,2.8,28.7,1.2,0.1,20.4,18.4,96,112,-0.1,0.3,0.2,0.008
25,37,391,7.5,0.419,0.378,0.183,0.400,1.6,3.6,2.6,26.8,1.3,0.0,20.0,18.1,92,109,-0.3,0.2,0.0,-0.003
25,27,572,10.6,0.508,0.479,0.247,0.301,0.8,4.9,2.8,30.0,1.1,0.1,20.7,18.6,100,114,0.2,0.0,0.2,0.016
25,82,2913,13.9,0.556,0.519,0.227,0.340,1.4,9.6,5.6,19.4,1.6,0.6,15.7,20.9,104,109,2.3,1.8,4.2,0.069
26,58,1326,9.1,0.447,0.418,0.334,0.098,7.0,14.0,10.4,6.1,1.6,0.8,13.9,16.5,92,107,-0.8,1.2,0.5,0.017
25,79,1433,20.7,0.589,0.576,0.353,0.002,12.6,17.1,14.9,2.7,1.1,8.5,12.9,21.1,112,102,2.7,2.2,4.9,0.163
27,26,387,7.7,0.422,0.429,0.179,0.000,5.7,18.4,12.0,7.5,1.8,2.3,16.6,8.7,93,106,-0.1,0.4,0.3,0.035
27,15,230,7.5,0.462,0.469,0.188,0.000,5.6,19.5,12.4,6.4,1.2,2.8,16.8,8.4,97,106,0.0,0.2,0.2,0.045
27,9,145,9.1,0.434,0.429,0.095,0.000,5.7,17.6,11.5,9.1,3.0,1.7,18.6,8.6,96,106,0.0,0.1,0.1,0.043
27,2,12,-6.0,0.000,0.000,0.667,0.000,9.5,9.1,9.3,11.5,0.0,0.0,0.0,14.7,32,107,-0.1,0.0,-0.1,-0.239
25,67,1487,12.7,0.527,0.490,0.248,0.245,7.0,18.1,12.4,14.8,1.1,1.4,14.8,13.7,109,110,1.5,0.7,2.2,0.072
25,41,685,10.2,0.478,0.448,0.196,0.359,6.7,15.8,11.3,14.7,0.8,1.4,14.4,12.9,104,110,0.4,0.3,0.7,0.051
25,26,802,14.8,0.565,0.524,0.289,0.153,7.2,20.0,13.4,14.9,1.4,1.5,15.1,14.3,113,111,1.1,0.4,1.5,0.090
25,78,1663,11.4,0.540,0.502,0.181,0.645,2.5,8.7,5.7,6.4,1.8,0.2,8.3,16.7,109,109,1.9,1.1,3.0,0.085
22,6,36,4.9,0.451,0.500,0.667,0.000,0.0,9.6,4.9,0.0,2.9,4.4,11.4,11.5,77,100,0.0,0.1,0.0,0.021
21,27,475,11.4,0.532,0.489,0.227,0.319,1.0,11.4,6.1,9.5,1.7,0.7,6.6,15.9,111,110,0.6,0.3,0.9,0.089
25,65,1364,15.3,0.551,0.518,0.174,0.534,1.9,13.4,7.4,8.1,1.9,1.0,9.5,23.9,107,110,1.8,0.8,2.6,0.092
27,1,5,-30.2,0.000,0.000,0.000,0.000,0.0,22.9,11.8,0.0,0.0,0.0,66.7,28.4,0,105,-0.1,0.0,-0.1,-0.779
36,82,2151,15.7,0.548,0.493,0.307,0.101,3.2,9.1,6.2,32.2,1.7,0.4,19.3,17.9,112,109,3.9,1.5,5.4,0.120
22,52,694,6.3,0.529,0.509,0.074,0.519,1.3,12.2,6.7,9.3,1.3,1.4,17.1,9.0,103,111,0.2,0.3,0.5,0.034
32,59,900,13.5,0.596,0.591,0.048,0.758,2.6,18.0,10.7,16.2,1.2,0.4,12.9,14.4,117,105,1.6,1.0,2.6,0.137
20,7,26,5.9,0.349,0.333,0.167,0.083,4.4,4.2,4.3,16.8,1.9,0.0,7.2,23.1,86,110,0.0,0.0,0.0,-0.051
24,58,656,14.1,0.590,0.577,0.079,0.539,1.7,6.8,4.4,14.9,2.0,0.4,13.5,20.2,106,105,0.7,0.8,1.5,0.109
27,78,2375,19.8,0.550,0.498,0.407,0.045,8.6,18.8,13.7,14.5,2.3,2.7,11.8,22.4,112,104,4.8,2.9,7.6,0.154
35,63,693,10.8,0.414,0.367,0.261,0.011,12.0,20.4,16.2,5.8,1.6,3.5,10.7,14.9,97,100,0.0,1.2,1.2,0.082
22,81,2687,19.5,0.527,0.486,0.371,0.004,9.9,23.6,16.7,18.6,2.1,1.6,16.0,24.8,104,105,2.7,3.2,5.9,0.105
23,75,1682,10.7,0.471,0.452,0.099,0.329,3.2,8.0,5.6,19.1,1.6,1.1,14.4,19.7,95,111,-0.4,0.7,0.2,0.006
22,48,683,8.1,0.475,0.452,0.197,0.351,4.0,5.2,4.6,16.8,1.6,0.2,18.1,16.2,96,110,-0.1,0.3,0.2,0.016
23,77,1524,11.3,0.516,0.504,0.222,0.443,6.0,14.6,10.3,6.4,1.5,1.0,11.8,18.9,101,108,0.6,1.2,1.8,0.058
23,54,1154,12.1,0.537,0.520,0.188,0.485,6.3,15.2,10.8,6.3,1.2,1.1,10.9,18.4,106,108,1.1,0.9,2.0,0.084
23,23,370,8.6,0.453,0.452,0.333,0.310,5.1,12.9,8.9,6.4,2.5,0.8,14.2,20.2,87,108,-0.5,0.3,-0.2,-0.022
23,82,1837,12.6,0.473,0.442,0.194,0.205,7.9,16.7,12.3,9.4,2.2,2.6,12.8,19.7,96,106,-0.2,1.9,1.7,0.044
27,41,383,12.0,0.530,0.497,0.152,0.297,3.3,5.6,4.5,5.6,1.8,0.2,4.9,19.6,107,109,0.4,0.3,0.7,0.084
27,24,301,12.3,0.526,0.491,0.162,0.342,3.9,6.0,4.9,4.8,2.1,0.3,3.3,18.9,109,107,0.4,0.3,0.6,0.100
27,17,82,10.9,0.545,0.515,0.118,0.147,1.4,4.0,2.7,8.3,0.6,0.0,10.1,22.1,101,113,0.0,0.0,0.0,0.028
22,44,538,12.2,0.531,0.512,0.239,0.390,7.7,11.9,9.8,9.5,0.6,1.4,13.6,22.1,102,109,0.4,0.3,0.7,0.061
22,47,542,16.7,0.595,0.582,0.209,0.000,15.4,14.8,15.1,2.9,1.7,1.4,11.5,14.1,120,106,1.1,0.6,1.7,0.149
26,41,366,12.3,0.549,0.506,0.299,0.023,15.6,17.1,16.4,3.4,0.8,3.8,20.3,14.6,107,105,0.3,0.4,0.7,0.096
23,53,1428,12.3,0.465,0.444,0.176,0.369,5.5,22.0,13.5,10.1,1.2,1.8,10.9,21.7,94,110,-0.6,0.7,0.1,0.005
22,17,52,-4.5,0.268,0.268,0.000,0.179,0.0,9.1,4.5,6.1,1.0,0.0,9.7,27.1,57,112,-0.3,0.0,-0.3,-0.272
32,14,256,9.1,0.494,0.451,0.180,0.574,3.1,17.9,10.7,3.8,2.0,1.8,9.6,13.0,99,105,0.0,0.3,0.3,0.062
38,50,1627,16.0,0.605,0.557,0.244,0.274,1.8,7.7,4.8,32.8,0.9,0.2,19.3,17.8,117,111,3.7,0.6,4.3,0.127
28,68,1484,11.5,0.512,0.487,0.124,0.420,1.1,9.6,5.6,13.5,1.0,0.1,9.9,21.7,99,106,0.4,1.5,1.9,0.060
30,56,1977,14.4,0.498,0.470,0.131,0.455,1.3,10.6,6.0,33.3,1.9,0.2,15.7,22.5,101,110,1.1,1.0,2.1,0.050
23,75,1249,15.1,0.557,0.527,0.193,0.000,6.2,17.1,11.7,6.1,1.0,2.0,13.0,22.1,103,109,0.9,0.8,1.7,0.065
27,66,2426,18.1,0.534,0.481,0.376,0.008,12.2,22.6,17.3,17.6,1.7,4.4,19.3,17.2,107,99,2.7,4.7,7.3,0.145
29,81,1641,11.3,0.602,0.587,0.077,0.816,1.2,10.0,5.4,3.3,0.9,0.4,2.6,13.0,125,110,3.2,0.8,4.0,0.116
34,53,1661,19.8,0.564,0.516,0.265,0.216,2.5,21.5,12.2,13.5,1.2,1.7,7.9,24.2,111,106,3.3,1.8,5.0,0.145
34,55,1029,16.7,0.538,0.482,0.310,0.000,8.9,23.8,16.2,6.8,0.9,5.7,14.8,21.4,103,104,0.7,1.3,2.0,0.092
22,57,638,15.8,0.535,0.513,0.228,0.005,11.5,25.5,18.5,13.1,0.9,3.1,14.6,18.1,107,106,0.7,0.7,1.4,0.107
33,82,1616,10.9,0.429,0.423,0.115,0.246,8.8,26.3,17.7,12.4,2.2,3.0,18.3,13.3,95,99,-0.3,3.0,2.7,0.081
24,3,12,-6.1,0.436,0.333,0.333,0.000,0.0,9.3,4.7,11.8,4.2,0.0,53.8,27.1,46,104,-0.1,0.0,-0.1,-0.369
30,79,2052,15.8,0.496,0.477,0.278,0.000,10.7,26.8,18.7,7.9,1.1,3.0,12.2,19.5,100,99,0.7,3.7,4.5,0.104
22,13,104,14.0,0.493,0.462,0.654,0.000,15.5,13.4,14.3,5.7,2.0,2.2,10.7,16.4,110,103,0.1,0.1,0.3,0.135
28,38,444,13.0,0.500,0.458,0.294,0.282,4.3,11.7,7.9,7.7,1.3,1.4,8.7,21.9,103,113,0.3,0.1,0.3,0.037
28,52,1134,13.1,0.534,0.473,0.427,0.012,13.5,20.3,17.0,10.3,1.6,0.8,19.6,14.6,108,104,1.2,1.5,2.7,0.116
33,32,507,10.3,0.475,0.460,0.061,0.547,2.2,5.7,3.9,22.8,1.9,0.5,15.8,23.3,92,111,-0.4,0.2,-0.2,-0.017
33,7,102,0.2,0.319,0.297,0.063,0.625,0.0,6.6,3.3,21.0,0.0,0.8,19.6,18.3,69,110,-0.3,0.1,-0.3,-0.129
33,7,113,9.7,0.450,0.434,0.053,0.526,1.0,6.0,3.5,25.4,1.4,0.0,11.4,18.0,99,109,0.0,0.1,0.1,0.041
33,18,292,14.1,0.517,0.504,0.063,0.535,3.4,5.2,4.3,22.5,2.7,0.6,16.1,27.1,96,113,-0.1,0.0,0.0,-0.001
26,39,655,10.4,0.478,0.446,0.248,0.296,1.3,7.5,4.3,23.0,1.0,0.2,15.3,22.5,95,113,-0.2,0.1,0.0,-0.002
26,25,447,11.3,0.478,0.449,0.219,0.305,1.7,6.8,4.1,24.2,1.4,0.4,15.3,24.1,95,113,-0.1,0.1,-0.1,-0.006
26,14,208,8.4,0.478,0.437,0.333,0.270,0.5,8.9,4.6,20.4,0.3,0.0,15.3,18.9,96,112,0.0,0.1,0.0,0.006
30,66,2174,23.0,0.588,0.534,0.332,0.068,1.0,9.1,5.3,40.4,1.3,0.2,13.0,27.7,116,106,7.1,2.3,9.3,0.206
24,76,2758,15.3,0.584,0.567,0.165,0.421,3.3,13.2,8.3,15.6,1.4,0.9,12.7,18.3,113,108,4.9,2.1,7.0,0.121
23,71,1775,15.2,0.566,0.553,0.101,0.212,7.2,14.4,10.8,7.5,0.9,1.7,8.6,17.6,114,110,3.1,1.0,4.1,0.111
23,47,1219,15.5,0.571,0.557,0.108,0.211,6.9,13.6,10.3,7.0,0.7,1.7,8.1,18.6,114,109,2.2,0.8,3.0,0.120
23,24,556,14.5,0.554,0.542,0.083,0.214,8.1,16.1,12.0,8.6,1.2,1.8,9.8,15.4,114,112,0.9,0.2,1.0,0.090
27,70,2335,26.4,0.594,0.526,0.377,0.271,2.8,10.5,6.7,46.5,3.8,0.4,13.7,22.6,127,102,10.6,3.4,13.9,0.287
29,39,528,6.2,0.423,0.429,0.050,0.504,1.5,10.9,6.2,8.9,2.4,0.7,10.3,11.8,90,109,-0.3,0.4,0.1,0.009
27,62,1959,20.2,0.572,0.520,0.437,0.000,13.0,19.0,15.9,4.9,1.1,2.0,10.3,22.5,115,106,4.6,2.1,6.7,0.163
28,78,1954,8.2,0.479,0.457,0.230,0.003,7.0,19.5,13.7,7.9,1.1,3.2,24.0,10.6,94,102,-0.5,3.0,2.5,0.062
27,31,352,11.0,0.468,0.441,0.109,0.036,10.9,25.3,18.2,7.1,1.5,2.0,17.2,18.3,92,101,-0.2,0.6,0.4,0.048
35,77,2575,19.1,0.559,0.502,0.387,0.350,2.1,19.7,11.2,25.1,1.7,0.9,14.3,27.4,106,102,3.5,3.7,7.2,0.135
30,19,386,6.0,0.472,0.449,0.184,0.653,1.5,9.7,5.5,3.5,1.7,1.2,13.1,14.7,89,109,-0.3,0.2,0.0,-0.004
24,11,32,1.6,0.325,0.364,0.273,0.000,27.2,18.5,22.7,0.0,0.0,0.0,19.6,22.4,75,105,-0.1,0.0,-0.1,-0.107
24,4,12,17.0,0.600,0.600,0.000,0.000,43.5,29.1,35.9,0.0,0.0,0.0,28.6,27.9,103,104,0.0,0.0,0.0,0.114
24,7,20,-7.7,0.137,0.167,0.500,0.000,17.4,12.0,14.8,0.0,0.0,0.0,12.0,19.2,48,106,-0.1,0.0,-0.1,-0.239
24,14,55,8.8,0.286,0.238,0.190,0.000,24.8,19.9,22.3,5.7,0.0,4.0,11.6,21.4,82,100,-0.1,0.1,0.0,-0.015
24,59,1243,11.0,0.565,0.528,0.251,0.508,4.0,8.6,6.3,7.6,1.5,0.4,11.2,13.9,114,104,1.7,1.5,3.2,0.125
26,57,1278,12.4,0.501,0.475,0.150,0.484,1.7,8.2,4.9,26.4,1.3,0.2,12.7,18.0,105,107,1.0,1.2,2.2,0.084
29,39,510,6.8,0.402,0.367,0.200,0.325,2.9,7.2,5.0,21.0,2.7,0.4,20.7,14.8,88,109,-0.5,0.3,-0.2,-0.017
35,78,1263,13.0,0.595,0.575,0.114,0.609,3.7,9.8,6.6,27.5,2.9,0.1,27.1,11.7,116,106,2.0,1.3,3.2,0.123
32,82,2631,11.5,0.486,0.461,0.159,0.115,3.1,13.2,8.1,12.1,1.0,0.8,9.2,16.8,103,108,1.5,2.1,3.6,0.065
32,45,1457,12.5,0.502,0.468,0.192,0.110,3.3,13.4,8.3,12.6,0.8,0.7,9.3,18.1,105,111,1.2,0.6,1.7,0.057
32,37,1174,10.2,0.461,0.451,0.110,0.122,2.9,12.9,7.8,11.6,1.2,0.8,9.0,15.2,100,103,0.3,1.6,1.8,0.075
33,12,68,3.3,0.205,0.250,0.500,0.000,7.6,26.2,16.6,7.6,0.7,2.1,45.0,5.7,66,103,-0.1,0.1,0.0,-0.005
29,7,78,1.3,0.296,0.250,0.125,0.313,1.4,1.6,1.5,16.3,2.0,0.0,26.2,13.1,66,113,-0.2,0.0,-0.2,-0.124
32,25,144,6.3,0.372,0.360,0.070,0.628,7.9,14.5,11.2,8.6,3.0,2.1,13.6,16.4,84,100,-0.2,0.3,0.1,0.020
23,39,329,15.6,0.534,0.491,0.395,0.070,10.1,22.1,16.2,5.5,2.9,5.0,21.7,22.5,94,99,-0.1,0.6,0.5,0.073
29,16,198,15.9,0.559,0.583,0.563,0.000,17.2,24.3,20.9,3.3,2.1,2.8,14.3,16.7,110,98,0.3,0.4,0.7,0.159
31,76,2607,17.9,0.506,0.461,0.293,0.022,13.8,25.1,19.3,7.3,1.3,1.0,11.5,23.1,106,99,3.2,4.7,7.9,0.145
28,78,2379,14.7,0.571,0.528,0.216,0.513,0.8,7.3,4.0,20.0,0.8,0.3,12.5,20.8,111,113,4.0,0.5,4.5,0.091
28,50,1575,16.1,0.592,0.551,0.222,0.515,0.6,7.9,4.3,22.7,1.0,0.2,14.1,21.5,112,113,3.0,0.2,3.2,0.097
28,28,804,11.9,0.529,0.483,0.205,0.507,1.0,6.1,3.5,14.8,0.6,0.4,9.2,19.4,109,112,1.0,0.3,1.3,0.078
32,33,936,12.6,0.495,0.487,0.098,0.497,2.2,13.4,7.7,8.6,2.3,1.2,6.9,18.5,100,105,0.3,1.1,1.4,0.070
32,1,29,0.7,0.210,0.136,0.182,0.364,19.5,20.9,20.2,4.8,0.0,0.0,14.4,22.4,67,110,-0.1,0.0,-0.1,-0.181
31,82,2474,13.0,0.532,0.493,0.202,0.261,1.8,7.9,4.8,21.0,1.7,0.5,12.8,18.3,107,108,2.6,1.8,4.3,0.084
20,61,1418,5.9,0.431,0.408,0.277,0.221,1.3,8.0,4.6,13.9,1.0,0.5,14.5,16.8,89,114,-1.2,0.1,-1.1,-0.038
27,78,1324,14.6,0.509,0.475,0.151,0.299,1.5,7.3,4.4,28.2,1.5,0.2,11.5,21.6,109,113,2.0,0.2,2.2,0.078
28,82,2086,17.4,0.540,0.510,0.183,0.378,1.6,8.6,5.1,31.4,2.2,0.4,12.6,25.1,108,105,3.5,2.4,5.9,0.136
21,70,1056,10.9,0.451,0.430,0.340,0.003,13.0,21.3,17.1,6.7,2.0,1.9,19.3,19.1,90,107,-0.9,0.9,-0.1,-0.002
21,51,809,10.6,0.450,0.424,0.292,0.000,12.7,21.3,16.9,6.8,1.6,2.0,19.2,18.6,91,109,-0.7,0.5,-0.2,-0.010
21,19,247,12.0,0.454,0.449,0.487,0.013,13.9,21.3,17.7,6.2,3.2,1.5,19.5,20.8,89,101,-0.3,0.4,0.1,0.024
26,38,1423,18.1,0.516,0.497,0.200,0.108,3.7,13.6,8.8,49.3,2.6,0.5,22.6,21.7,103,103,1.2,2.0,3.2,0.108
21,73,1239,10.4,0.491,0.478,0.092,0.429,3.3,10.6,6.9,7.2,1.8,0.9,9.2,19.6,98,109,0.0,0.8,0.9,0.034
28,5,122,8.3,0.368,0.314,0.286,0.257,2.7,10.6,6.6,28.8,1.3,0.0,15.1,17.0,88,109,-0.1,0.1,0.0,-0.017
22,57,1691,16.2,0.482,0.386,0.514,0.179,2.9,12.9,7.7,38.8,4.2,0.2,21.4,21.2,99,102,0.4,2.6,3.0,0.085
27,2,25,11.9,0.678,0.667,0.333,0.222,0.0,4.3,2.2,14.5,0.0,0.0,22.5,23.9,104,113,0.0,0.0,0.0,0.051
23,32,203,3.4,0.407,0.375,0.229,0.000,5.0,13.2,9.2,4.3,0.0,3.6,15.9,13.8,83,108,-0.2,0.1,-0.1,-0.024
33,76,2278,10.2,0.509,0.480,0.180,0.436,1.6,9.0,5.2,14.8,1.1,0.9,11.4,14.5,106,115,1.8,-0.1,1.6,0.034
24,18,196,6.2,0.411,0.367,0.400,0.017,5.6,11.2,8.3,6.3,0.8,1.2,7.8,17.4,92,112,-0.1,0.0,-0.1,-0.016
24,71,1937,18.7,0.523,0.506,0.225,0.003,12.0,25.8,18.6,6.8,1.4,7.6,11.6,16.9,109,99,2.3,3.7,6.0,0.149
32,82,2184,16.7,0.516,0.474,0.251,0.017,8.1,20.4,14.1,14.5,1.6,1.2,11.0,23.3,105,107,2.4,1.9,4.4,0.096
24,40,376,16.3,0.533,0.476,0.381,0.007,12.1,21.3,16.7,5.4,0.6,0.4,10.9,23.7,106,106,0.5,0.4,0.9,0.110
28,81,2229,12.8,0.617,0.597,0.148,0.554,3.2,12.4,8.2,8.2,2.4,1.5,11.4,11.4,121,103,3.6,3.1,6.8,0.146
21,10,59,0.1,0.373,0.295,0.500,0.273,0.0,10.2,5.0,10.5,1.8,0.0,20.7,26.4,70,103,-0.3,0.1,-0.2,-0.143
23,79,1721,10.3,0.478,0.461,0.123,0.000,6.8,15.5,11.1,6.1,0.7,2.7,14.7,23.5,89,104,-2.1,2.2,0.1,0.004
26,61,1652,17.7,0.529,0.433,0.513,0.158,1.8,10.1,5.9,25.5,1.5,0.3,11.2,25.7,109,114,2.9,0.0,2.9,0.084
21,19,93,8.5,0.499,0.457,0.696,0.087,11.4,17.9,14.6,5.1,1.7,0.8,26.8,20.3,86,106,-0.1,0.1,0.0,-0.017
22,45,996,11.7,0.516,0.489,0.171,0.462,3.5,12.8,8.0,11.6,2.3,0.6,11.1,15.6,108,106,1.0,1.0,1.9,0.094
24,77,1840,11.0,0.474,0.439,0.236,0.454,2.5,8.6,5.4,25.2,1.5,1.1,17.3,20.6,95,108,-0.6,1.4,0.8,0.020
22,2,5,29.2,0.667,0.667,0.000,0.000,46.8,0.0,23.8,0.0,0.0,0.0,25.0,37.2,105,118,0.0,0.0,0.0,0.061
24,82,2293,10.0,0.517,0.483,0.193,0.312,5.4,11.3,8.3,5.3,1.3,1.3,12.3,15.8,102,110,1.1,1.2,2.3,0.048
23,57,924,7.8,0.425,0.396,0.290,0.149,6.1,16.1,11.0,6.3,2.1,2.1,14.2,15.7,87,101,-1.0,1.5,0.5,0.028
25,23,263,9.6,0.455,0.391,0.321,0.244,1.3,11.5,6.2,22.0,1.0,0.0,13.6,17.5,99,113,0.0,0.0,0.1,0.017
25,20,257,9.9,0.455,0.391,0.321,0.244,1.3,11.8,6.3,22.0,1.0,0.0,12.7,17.7,100,113,0.1,0.0,0.1,0.022
22,70,1110,16.1,0.636,0.620,0.474,0.004,11.5,21.2,16.4,3.5,0.8,2.7,11.0,14.7,125,105,2.8,1.2,4.0,0.172
24,52,516,8.5,0.379,0.377,0.044,0.170,2.6,10.7,6.6,25.0,2.1,1.3,18.6,17.4,84,108,-0.8,0.4,-0.4,-0.040
24,36,378,7.2,0.357,0.353,0.060,0.147,3.3,10.5,6.9,22.2,1.8,1.2,18.5,17.6,79,110,-0.8,0.2,-0.6,-0.073
24,16,138,12.1,0.442,0.442,0.000,0.233,0.8,11.3,5.8,32.7,2.9,1.6,18.9,16.7,95,104,0.0,0.2,0.1,0.049
27,80,2678,17.6,0.522,0.484,0.249,0.349,2.7,16.3,9.3,14.5,2.0,0.8,8.8,26.5,107,106,4.0,2.7,6.7,0.120
26,51,876,16.8,0.544,0.490,0.299,0.012,8.6,16.9,12.7,7.0,0.9,4.3,12.5,23.4,107,109,1.1,0.6,1.7,0.095
27,76,2683,17.7,0.501,0.491,0.272,0.170,5.8,21.3,13.6,20.9,1.8,3.9,14.6,26.7,97,101,-0.3,4.5,4.2,0.075
24,40,288,7.1,0.435,0.395,0.246,0.246,2.8,8.2,5.5,19.9,1.3,0.3,18.7,24.7,85,112,-0.6,0.1,-0.5,-0.082
25,79,1300,17.3,0.498,0.448,0.300,0.017,12.7,22.3,17.4,6.5,1.0,3.3,10.8,25.8,103,104,1.1,1.7,2.8,0.104
25,40,579,16.1,0.474,0.433,0.271,0.020,15.2,23.5,19.3,5.5,0.9,3.8,11.2,24.8,101,98,0.3,1.1,1.4,0.116
25,39,721,18.2,0.515,0.458,0.320,0.015,10.7,21.4,15.8,7.4,1.0,2.9,10.5,26.6,105,108,0.9,0.6,1.4,0.094
28,81,1997,18.7,0.609,0.560,0.506,0.004,8.8,20.3,14.9,10.0,1.6,2.3,12.7,18.2,118,100,4.7,3.5,8.2,0.197
38,37,544,8.5,0.500,0.471,0.134,0.517,1.1,6.1,3.6,10.4,0.7,0.6,11.6,17.5,102,112,0.2,0.2,0.4,0.037
22,78,2278,11.8,0.530,0.512,0.192,0.314,2.3,12.3,7.4,16.2,1.9,0.5,14.4,15.2,106,101,1.8,3.6,5.5,0.115
31,56,1158,8.1,0.522,0.519,0.088,0.798,1.8,10.1,6.0,6.5,1.3,0.4,7.8,11.8,104,108,0.5,0.9,1.5,0.061
27,76,1209,10.5,0.498,0.457,0.248,0.000,5.6,19.5,12.3,3.9,1.9,5.8,16.1,13.6,95,101,-0.3,2.0,1.7,0.069
24,4,28,11.4,0.931,1.000,2.000,0.000,8.2,3.9,6.0,9.3,1.8,0.0,34.7,8.9,131,110,0.1,0.0,0.1,0.128
30,29,682,22.1,0.637,0.577,0.487,0.000,10.0,15.1,12.4,3.6,0.8,2.7,13.4,25.7,118,108,2.1,0.6,2.7,0.191
26,76,2171,13.0,0.505,0.443,0.364,0.243,2.2,9.1,5.6,20.3,1.2,0.6,13.4,21.0,103,111,1.7,0.8,2.5,0.055
20,45,892,13.5,0.534,0.496,0.280,0.022,12.6,22.1,17.5,6.2,1.3,1.9,10.3,14.9,113,102,1.3,1.4,2.7,0.146
25,2,7,4.3,0.250,0.250,0.000,0.000,0.0,33.5,17.0,21.7,0.0,0.0,0.0,26.1,71,104,0.0,0.0,0.0,-0.124
23,77,1507,10.3,0.531,0.497,0.258,0.386,3.8,7.7,5.7,7.0,1.6,0.8,9.7,14.9,107,114,1.2,0.0,1.2,0.039
22,38,221,6.2,0.430,0.402,0.310,0.149,1.1,8.6,4.8,15.9,3.2,0.0,20.2,25.8,80,106,-0.6,0.2,-0.4,-0.077
24,80,2628,16.8,0.543,0.496,0.232,0.255,1.1,6.7,3.9,36.1,2.3,0.8,17.6,23.0,106,106,3.5,2.6,6.1,0.111
19,48,392,6.0,0.412,0.398,0.142,0.204,0.9,12.1,6.4,25.6,1.2,1.3,22.6,18.2,82,105,-0.7,0.4,-0.3,-0.031
27,53,499,12.3,0.495,0.484,0.059,0.584,7.8,14.8,11.2,7.7,1.4,1.2,9.5,19.4,105,107,0.5,0.5,0.9,0.087
27,59,980,10.9,0.488,0.448,0.223,0.485,1.5,8.5,4.9,23.9,2.0,0.8,15.9,18.5,100,110,0.3,0.5,0.8,0.039
27,46,795,10.9,0.505,0.468,0.231,0.457,1.7,8.2,4.9,21.9,1.8,0.9,16.3,18.2,101,110,0.3,0.4,0.7,0.042
27,13,185,10.7,0.416,0.371,0.194,0.597,0.6,9.8,5.1,32.5,2.6,0.4,14.1,19.6,96,108,0.0,0.1,0.1,0.029
26,51,1156,8.8,0.478,0.457,0.143,0.310,2.8,9.1,5.9,15.5,2.3,1.2,18.2,13.2,94,104,-0.3,1.5,1.2,0.049
35,79,2124,12.8,0.566,0.529,0.202,0.511,1.1,7.6,4.4,14.9,1.6,0.4,12.6,18.0,107,107,2.1,1.9,4.0,0.091
25,66,770,11.6,0.619,0.604,0.500,0.000,11.1,17.5,14.5,2.0,2.0,5.9,24.1,10.1,110,99,0.7,1.5,2.2,0.134
23,79,2122,17.5,0.574,0.509,0.345,0.386,1.5,7.3,4.4,24.6,1.6,0.1,12.7,23.0,115,115,5.2,-0.1,5.0,0.114
40,39,392,13.3,0.547,0.548,0.157,0.012,6.9,20.1,13.3,8.3,1.4,3.5,8.3,11.5,119,104,0.6,0.5,1.1,0.135
24,59,646,10.1,0.565,0.500,0.557,0.000,8.0,13.3,10.6,4.0,0.9,0.9,9.6,10.5,121,112,1.0,0.2,1.2,0.087
24,12,57,13.8,0.555,0.500,0.800,0.000,10.0,21.6,15.9,10.3,1.9,2.7,18.2,13.2,109,100,0.1,0.1,0.2,0.133
24,5,21,8.8,0.543,0.000,4.000,0.000,0.0,25.4,13.1,12.1,0.0,3.7,26.6,8.0,104,104,0.0,0.0,0.0,0.077
24,7,36,16.7,0.558,0.556,0.444,0.000,15.8,19.4,17.5,9.3,3.0,2.1,15.7,16.3,111,98,0.1,0.1,0.1,0.166
26,26,360,9.6,0.418,0.364,0.228,0.059,4.9,14.4,9.5,9.1,2.0,3.4,10.2,21.1,88,110,-0.4,0.2,-0.2,-0.025
26,82,2285,14.6,0.533,0.502,0.277,0.004,8.4,19.5,13.8,6.0,1.1,2.1,10.8,18.2,108,111,2.7,0.9,3.6,0.075
22,82,2936,12.7,0.533,0.509,0.130,0.437,1.2,10.0,5.7,10.1,1.5,1.2,11.0,21.8,102,107,1.7,2.6,4.3,0.070
21,82,2564,16.1,0.516,0.488,0.364,0.004,13.2,22.1,17.5,6.9,1.2,2.2,11.7,18.3,108,108,3.2,2.0,5.2,0.098
25,72,1726,16.3,0.552,0.520,0.163,0.490,3.2,9.0,6.0,9.0,1.8,0.2,7.6,23.1,111,114,3.1,0.1,3.2,0.089
34,66,1221,10.6,0.467,0.451,0.111,0.543,1.6,9.5,5.5,34.1,2.8,0.9,30.2,13.1,96,107,-0.2,1.0,0.9,0.035
27,62,963,8.4,0.531,0.484,0.236,0.616,3.7,14.5,9.2,4.8,0.8,1.0,13.1,13.2,102,107,0.3,0.9,1.2,0.059
27,79,1910,11.6,0.525,0.498,0.194,0.158,7.7,13.3,10.4,8.6,1.7,0.7,12.2,12.8,109,109,1.8,1.2,2.9,0.074
30,65,701,9.4,0.485,0.505,0.649,0.000,7.8,17.9,12.9,6.8,1.4,4.2,18.9,10.0,99,103,0.1,1.0,1.1,0.075
33,11,189,3.4,0.288,0.274,0.113,0.453,2.4,13.2,7.8,17.2,1.9,0.4,17.7,16.3,68,109,-0.6,0.1,-0.5,-0.116
24,82,2892,12.1,0.478,0.446,0.198,0.151,2.1,18.5,10.1,19.7,1.3,0.5,14.0,21.2,95,106,-0.7,2.9,2.1,0.035
21,21,68,6.2,0.413,0.375,0.250,0.000,10.0,22.3,16.3,2.3,0.7,2.3,18.4,21.5,80,104,-0.2,0.1,-0.1,-0.049
21,20,63,6.1,0.413,0.375,0.250,0.000,10.8,18.7,14.9,2.5,0.8,2.5,18.4,23.2,80,105,-0.2,0.1,-0.1,-0.063
25,76,1312,12.0,0.503,0.435,0.442,0.004,8.9,11.7,10.3,4.7,1.5,4.7,11.8,12.1,109,105,1.1,1.5,2.7,0.098
30,66,1457,14.2,0.516,0.477,0.216,0.214,2.5,8.2,5.3,32.3,1.5,0.2,17.2,19.3,106,111,1.5,0.7,2.2,0.071
30,39,719,13.6,0.521,0.502,0.139,0.206,2.5,9.5,5.8,30.4,1.1,0.2,17.3,18.5,105,110,0.6,0.4,1.1,0.070
30,27,738,14.9,0.512,0.452,0.294,0.223,2.6,7.0,4.8,34.2,1.8,0.1,17.0,20.0,106,112,0.9,0.2,1.1,0.073
20,62,1482,15.6,0.619,0.557,0.505,0.000,9.6,20.5,14.9,5.0,0.6,4.2,17.4,16.9,113,106,2.5,1.5,3.9,0.127
30,25,901,21.7,0.529,0.478,0.353,0.017,16.9,30.1,23.2,15.4,2.1,1.3,11.6,18.7,117,104,2.2,1.1,3.3,0.173
24,13,58,1.2,0.457,0.429,0.571,0.000,4.4,14.0,9.4,7.2,0.9,2.8,40.7,12.1,68,105,-0.1,0.1,-0.1,-0.059
24,5,18,12.8,0.521,0.500,1.000,0.000,6.8,12.7,9.8,8.6,2.9,0.0,14.8,17.8,100,103,0.0,0.0,0.0,0.083
24,8,40,-4.1,0.333,0.333,0.000,0.000,3.3,14.6,9.2,6.5,0.0,4.1,62.5,9.6,44,106,-0.1,0.0,-0.1,-0.122
26,78,2685,16.3,0.502,0.474,0.152,0.240,1.9,13.3,7.5,44.9,1.3,0.2,18.6,23.0,105,112,3.0,0.7,3.8,0.067
22,51,601,7.6,0.480,0.500,0.342,0.009,7.9,14.7,11.3,7.3,1.3,2.2,17.1,12.0,95,103,-0.1,0.8,0.7,0.059
28,69,1092,14.0,0.481,0.474,0.106,0.558,5.1,20.6,12.7,8.4,1.5,2.8,7.4,21.9,101,106,0.4,1.1,1.6,0.069
22,77,2559,17.8,0.534,0.519,0.142,0.003,12.0,28.4,20.2,9.3,1.2,2.4,13.0,19.3,106,105,2.8,2.9,5.7,0.106
31,69,2391,24.0,0.571,0.528,0.389,0.060,4.7,12.6,8.9,26.6,2.8,1.9,13.2,29.5,112,103,6.1,3.5,9.6,0.192
21,61,1756,13.7,0.492,0.451,0.261,0.249,1.4,8.8,4.9,18.4,1.7,0.7,11.8,26.1,99,111,0.3,0.6,0.9,0.026
22,82,2859,18.8,0.517,0.466,0.298,0.267,2.3,9.2,5.7,31.2,2.9,0.9,12.4,25.6,105,111,3.7,1.1,4.8,0.080
22,49,1602,20.8,0.521,0.449,0.416,0.061,2.4,11.2,6.8,43.9,2.1,1.8,15.3,29.3,105,103,2.2,2.2,4.5,0.134
30,69,2076,11.6,0.490,0.448,0.415,0.356,3.9,14.3,9.1,13.3,2.5,1.7,16.9,14.5,101,104,0.6,2.5,3.1,0.072
38,21,296,16.7,0.484,0.465,0.141,0.486,4.2,29.4,16.4,3.5,2.3,4.4,6.2,25.4,99,99,0.1,0.6,0.6,0.101
32,50,857,11.3,0.453,0.448,0.110,0.370,4.9,15.2,9.8,28.7,2.5,1.2,24.0,13.0,99,108,0.1,0.7,0.8,0.045
30,28,489,11.5,0.476,0.406,0.533,0.018,4.8,16.4,10.4,8.9,1.4,1.0,12.5,21.7,95,112,-0.1,0.1,0.0,-0.001
30,1,7,28.8,0.694,0.500,1.000,0.000,0.0,0.0,0.0,0.0,7.7,0.0,0.0,19.1,154,102,0.0,0.0,0.1,0.353
30,27,482,11.3,0.473,0.405,0.528,0.018,4.8,16.6,10.6,9.0,1.3,1.0,12.6,21.7,94,112,-0.2,0.1,-0.1,-0.007
28,80,1521,13.9,0.544,0.514,0.198,0.466,2.9,8.4,5.6,17.2,2.3,0.6,12.1,17.2,113,107,2.5,1.3,3.8,0.120
33,48,829,7.7,0.366,0.329,0.208,0.233,3.2,9.1,6.1,31.8,2.5,0.8,34.5,11.0,88,108,-0.6,0.7,0.0,0.001
21,27,202,5.0,0.394,0.335,0.216,0.352,0.5,3.5,2.0,20.7,1.6,0.0,13.5,25.4,83,110,-0.4,0.1,-0.3,-0.079
21,21,165,1.8,0.356,0.299,0.208,0.347,0.7,2.8,1.7,18.4,1.0,0.0,14.2,25.6,75,112,-0.6,0.1,-0.5,-0.147
21,6,37,19.5,0.563,0.500,0.250,0.375,0.0,6.3,3.2,30.9,4.3,0.0,10.1,24.4,120,102,0.1,0.1,0.2,0.227
26,76,2200,13.9,0.601,0.551,0.311,0.517,2.7,12.2,7.4,10.7,1.2,0.6,11.1,16.9,115,106,3.9,2.4,6.3,0.138
32,73,2435,20.1,0.545,0.500,0.312,0.019,6.8,18.8,12.9,16.8,1.6,2.1,12.0,24.4,110,99,4.4,4.7,9.1,0.179
24,82,2861,23.9,0.532,0.470,0.375,0.195,4.8,11.8,8.6,38.4,2.6,0.6,13.2,32.8,111,103,7.7,3.9,11.6,0.195
26,12,86,14.7,0.538,0.522,0.391,0.000,5.7,12.0,8.9,7.5,0.6,5.5,6.9,15.9,110,104,0.1,0.1,0.2,0.117
30,57,435,9.1,0.503,0.491,0.164,0.353,1.3,12.0,6.5,10.3,1.6,0.8,12.0,15.2,100,108,0.1,0.3,0.5,0.051
30,61,830,15.3,0.725,0.719,0.379,0.007,8.1,17.3,12.8,4.2,2.0,2.7,16.0,12.1,127,101,1.8,1.3,3.1,0.181
33,61,1095,12.5,0.533,0.486,0.345,0.161,3.2,7.8,5.4,12.9,1.8,1.3,11.9,17.4,106,108,1.0,0.9,1.9,0.083
28,78,2842,20.3,0.574,0.516,0.328,0.398,1.2,8.5,4.8,37.5,1.4,0.8,14.5,24.4,118,109,9.1,1.8,10.9,0.184
21,78,1916,14.5,0.515,0.471,0.346,0.249,5.6,20.6,12.8,4.2,1.2,1.5,10.0,23.5,101,105,1.0,2.1,3.0,0.076
26,39,1119,15.9,0.555,0.503,0.273,0.442,0.8,7.3,4.1,20.4,2.0,0.7,13.0,23.6,106,107,1.4,1.0,2.4,0.103
26,73,1727,10.9,0.515,0.481,0.211,0.353,3.7,14.3,8.9,6.9,1.1,1.7,10.5,15.1,105,109,1.1,1.1,2.3,0.063
30,46,1418,14.4,0.519,0.485,0.159,0.289,2.0,7.2,4.5,33.2,1.7,0.5,18.0,22.3,103,111,1.2,0.7,1.8,0.062
26,40,380,13.2,0.517,0.515,0.159,0.545,2.3,13.3,7.7,18.2,1.7,0.2,11.9,19.2,102,113,0.2,0.1,0.3,0.035
25,24,318,12.3,0.518,0.521,0.216,0.155,1.5,14.4,8.2,19.7,1.8,0.5,17.2,19.1,95,104,-0.1,0.4,0.3,0.046
33,75,2530,12.5,0.517,0.488,0.205,0.500,4.5,11.5,8.1,6.9,2.5,1.2,9.8,17.5,105,106,1.9,2.6,4.6,0.086
25,64,1149,21.0,0.606,0.597,0.238,0.007,8.4,16.7,12.6,5.6,1.2,5.2,7.1,19.0,119,105,2.8,1.3,4.1,0.172
23,3,4,-1.9,0.500,0.500,0.000,0.000,0.0,0.0,0.0,0.0,0.0,0.0,33.3,34.2,59,116,0.0,0.0,0.0,-0.375
27,79,1783,16.0,0.551,0.508,0.235,0.603,2.6,17.0,9.6,13.1,1.8,1.5,8.8,18.7,112,105,2.8,2.1,4.9,0.132
19,35,272,9.3,0.461,0.407,0.337,0.186,5.5,6.6,6.1,25.2,1.6,1.2,22.7,21.7,91,104,-0.2,0.3,0.1,0.017
27,59,1411,13.3,0.525,0.482,0.236,0.387,1.9,8.7,5.2,9.7,1.3,0.8,7.7,21.2,105,109,1.4,1.0,2.3,0.079
27,56,693,7.5,0.464,0.446,0.291,0.351,4.3,15.3,9.9,9.4,1.2,0.9,16.5,13.2,94,102,-0.2,1.1,0.9,0.062
24,76,2629,18.2,0.541,0.532,0.196,0.008,7.6,17.2,12.3,8.2,2.7,1.6,8.0,19.8,109,103,3.7,3.7,7.4,0.136
25,16,58,5.6,0.365,0.365,0.000,0.192,1.9,18.0,9.8,8.4,0.0,0.0,0.0,19.9,86,112,-0.1,0.0,-0.1,-0.047
23,77,2033,11.0,0.486,0.438,0.281,0.007,8.7,16.7,12.5,7.4,0.9,2.8,13.1,15.9,102,110,0.8,1.2,2.0,0.048
